Workbook

Sheet Inputs
A1: Trading Strategy Simulator (Scenario Mixture + Monte Carlo)
A3: Key inputs (edit blue text cells)
A4: Inputs | E4: Per-market scenarios (edit blue cells)
A5: Start date | B5: 46055 | C5: Used for the path simulation sheet. | E5: Scenario | F5: Probability | G5: Mean return (%) | H5: Std dev (%) | I5: Cum. prob | J5: Lower bound
A6: Trading days (horizon) | B6: 60 | C6: Number of trading days simulated in Path_Sim. | E6: clean_win | F6: 0.6 | G6: 7.91 | H6: 0.99 | I6: =F6 | J6: 0
A7: Starting capital ($) | B7: 1000 | C7: Bankroll used for Path_Sim + P&L conversion. | E7: 1_stop_loss | F7: 0.13 | G7: 2.56 | H7: 1.31 | I7: =I6+F7 | J7: =I6
A8: Markets per day | B8: 6 | C8: Per day; Daily_MC uses up to 10 markets, only first M are active. | E8: 2_stop_losses | F8: 0.13 | G8: -6.76 | H8: 1.35 | I8: =I7+F8 | J8: =I7
A9: Target capital ($) | B9: 10000 | C9: Used for 'Hit target?' tracking. | E9: 3_stop_losses | F9: 0.13 | G9: -2.63 | H9: 1.99 | I9: =I8+F9 | J9: =I8
A10: Daily profit skim threshold ($, optional) | B10: 10000 | C10: If Skim mode ON, profits above threshold are auto-withdrawn each day.
A11: Skim mode (0=Off, 1=On) | B11: 1 | C11: 1=skim ON. Set to 0 to compound.
A12: Return clamp (%, 0=Off) | B12: 25 | C12: Caps each market return to +/- clamp% to avoid extreme Normal tails.
A13: Daily MC simulations (rows used) | B13: 1000 | C13: Summary stats use first N rows in Daily_MC.
A16: Quick checks / derived metrics
A17: Probabilities sum | B17: =SUM(F6:F9)
A18: Expected return per market (%) | B18: =SUMPRODUCT(F6:F9,G6:G9)
A19: Variance per market (approx, %^2) | B19: =SUMPRODUCT(F6:F9,(H6:H9^2 + (G6:G9-$B$18)^2))
A20: Std dev per market (approx, %) | B20: =SQRT($B$19)
A21: Expected daily return (%, equal split) | B21: =$B$18
A22: Expected daily P&L ($) | B22: =$B$7*($B$21/100)
A24: Scenario sanity | B24: =IF(ABS($B$17-1)<0.0001,"OK","CHECK: probs not 100%")

Sheet Daily_MC
A1: Daily Monte Carlo (one-day distribution, using per-market scenario mixture)
A3: Markets/day | B3: =Inputs!$B$8 | D3: Start capital ($) | E3: =Inputs!$B$7 | G3: Sim rows used | H3: =Inputs!$B$13 | K3: Summary (uses first N sims)
K4: Mean daily return (%) | L4: =AVERAGE($B$6:$B$5005)
A5: Sim # | B5: Daily return (%) | C5: Daily return (dec) | D5: Daily P&L ($) | E5: Profitable? | F5: M1 return (%) | G5: M2 return (%) | H5: M3 return (%) | I5: M4 return (%) | J5: M5 return (%) | K5: Std dev daily return (%) | L5: =STDEV.S($B$6:$B$5005) | M5: M8 return (%) | N5: M9 return (%) | O5: M10 return (%) | P5: u1 | Q5: u2 | R5: u3 | S5: u4 | T5: u5 | U5: u6 | V5: u7 | W5: u8 | X5: u9 | Y5: u10
A6: 1 | B6: =IF($A6<=Inputs!$B$13,IF(Inputs!$B$8>0,SUM(F6:O6)/Inputs!$B$8,0),"") | C6: =IF($A6<=Inputs!$B$13,B6/100,"") | D6: =IF($A6<=Inputs!$B$13,C6*Inputs!$B$7,"") | E6: =IF($A6<=Inputs!$B$13,IF(D6>0,1,0),"") | F6: =IF($A6<=Inputs!$B$13,IF(1<=Inputs!$B$8,IF(Inputs!$B$12>0,MAX(MIN(NORM.INV(RAND(),LOOKUP(P6,Inputs!$J$6:$J$9,Inputs!$G$6:$G$9),LOOKUP(P6,Inputs!$J$6:$J$9,Inputs!$H$6:$H$9)),Inputs!$B$12),-Inputs!$B$12),NORM.INV(RAND(),LOOKUP(P6,Inputs!$J$6:$J$9,Inputs!$G$6:$G$9),LOOKUP(P6,Inputs!$J$6:$J$9,Inputs!$H$6:$H$9))),0),"" ) | G6: =IF($A6<=Inputs!$B$13,IF(2<=Inputs!$B$8,IF(Inputs!$B$12>0,MAX(MIN(NORM.INV(RAND(),LOOKUP(Q6,Inputs!$J$6:$J$9,Inputs!$G$6:$G$9),LOOKUP(Q6,Inputs!$J$6:$J$9,Inputs!$H$6:$H$9)),Inputs!$B$12),-Inputs!$B$12),NORM.INV(RAND(),LOOKUP(Q6,Inputs!$J$6:$J$9,Inputs!$G$6:$G$9),LOOKUP(Q6,Inputs!$J$6:$J$9,Inputs!$H$6:$H$9))),0),"" ) | H6: =IF($A6<=Inputs!$B$13,IF(3<=Inputs!$B$8,IF(Inputs!$B$12>0,MAX(MIN(NORM.INV(RAND(),LOOKUP(R6,Inputs!$J$6:$J$9,Inputs!$G$6:$G$9),LOOKUP(R6,Inputs!$J$6:$J$9,Inputs!$H$6:$H$9)),Inputs!$B$12),-Inputs!$B$12),NORM.INV(RAND(),LOOKUP(R6,Inputs!$J$6:$J$9,Inputs!$G$6:$G$9),LOOKUP(R6,Inputs!$J$6:$J$9,Inputs!$H$6:$H$9))),0),"" ) | I6: =IF($A6<=Inputs!$B$13,IF(4<=Inputs!$B$8,IF(Inputs!$B$12>0,MAX(MIN(NORM.INV(RAND(),LOOKUP(S6,Inputs!$J$6:$J$9,Inputs!$G$6:$G$9),LOOKUP(S6,Inputs!$J$6:$J$9,Inputs!$H$6:$H$9)),Inputs!$B$12),-Inputs!$B$12),NORM.INV(RAND(),LOOKUP(S6,Inputs!$J$6:$J$9,Inputs!$G$6:$G$9),LOOKUP(S6,Inputs!$J$6:$J$9,Inputs!$H$6:$H$9))),0),"" ) | J6: =IF($A6<=Inputs!$B$13,IF(5<=Inputs!$B$8,IF(Inputs!$B$12>0,MAX(MIN(NORM.INV(RAND(),LOOKUP(T6,Inputs!$J$6:$J$9,Inputs!$G$6:$G$9),LOOKUP(T6,Inputs!$J$6:$J$9,Inputs!$H$6:$H$9)),Inputs!$B$12),-Inputs!$B$12),NORM.INV(RAND(),LOOKUP(T6,Inputs!$J$6:$J$9,Inputs!$G$6:$G$9),LOOKUP(T6,Inputs!$J$6:$J$9,Inputs!$H$6:$H$9))),0),"" ) | K6: =IF($A6<=Inputs!$B$13,IF(6<=Inputs!$B$8,IF(Inputs!$B$12>0,MAX(MIN(NORM.INV(RAND(),LOOKUP(U6,Inputs!$J$6:$J$9,Inputs!$G$6:$G$9),LOOKUP(U6,Inputs!$J$6:$J$9,Inputs!$H$6:$H$9)),Inputs!$B$12),-Inputs!$B$12),NORM.INV(RAND(),LOOKUP(U6,Inputs!$J$6:$J$9,Inputs!$G$6:$G$9),LOOKUP(U6,Inputs!$J$6:$J$9,Inputs!$H$6:$H$9))),0),"" ) | L6: =PERCENTILE.INC($B$6:$B$5005,0.05) | M6: =IF($A6<=Inputs!$B$13,IF(8<=Inputs!$B$8,IF(Inputs!$B$12>0,MAX(MIN(NORM.INV(RAND(),LOOKUP(W6,Inputs!$J$6:$J$9,Inputs!$G$6:$G$9),LOOKUP(W6,Inputs!$J$6:$J$9,Inputs!$H$6:$H$9)),Inputs!$B$12),-Inputs!$B$12),NORM.INV(RAND(),LOOKUP(W6,Inputs!$J$6:$J$9,Inputs!$G$6:$G$9),LOOKUP(W6,Inputs!$J$6:$J$9,Inputs!$H$6:$H$9))),0),"" ) | N6: =IF($A6<=Inputs!$B$13,IF(9<=Inputs!$B$8,IF(Inputs!$B$12>0,MAX(MIN(NORM.INV(RAND(),LOOKUP(X6,Inputs!$J$6:$J$9,Inputs!$G$6:$G$9),LOOKUP(X6,Inputs!$J$6:$J$9,Inputs!$H$6:$H$9)),Inputs!$B$12),-Inputs!$B$12),NORM.INV(RAND(),LOOKUP(X6,Inputs!$J$6:$J$9,Inputs!$G$6:$G$9),LOOKUP(X6,Inputs!$J$6:$J$9,Inputs!$H$6:$H$9))),0),"" ) | O6: =IF($A6<=Inputs!$B$13,IF(10<=Inputs!$B$8,IF(Inputs!$B$12>0,MAX(MIN(NORM.INV(RAND(),LOOKUP(Y6,Inputs!$J$6:$J$9,Inputs!$G$6:$G$9),LOOKUP(Y6,Inputs!$J$6:$J$9,Inputs!$H$6:$H$9)),Inputs!$B$12),-Inputs!$B$12),NORM.INV(RAND(),LOOKUP(Y6,Inputs!$J$6:$J$9,Inputs!$G$6:$G$9),LOOKUP(Y6,Inputs!$J$6:$J$9,Inputs!$H$6:$H$9))),0),"" ) | P6: =IF($A6<=Inputs!$B$13,RAND(),"") | Q6: =IF($A6<=Inputs!$B$13,RAND(),"") | R6: =IF($A6<=Inputs!$B$13,RAND(),"") | S6: =IF($A6<=Inputs!$B$13,RAND(),"") | T6: =IF($A6<=Inputs!$B$13,RAND(),"") | U6: =IF($A6<=Inputs!$B$13,RAND(),"") | V6: =IF($A6<=Inputs!$B$13,RAND(),"") | W6: =IF($A6<=Inputs!$B$13,RAND(),"") | ... Y6: =IF($A6<=Inputs!$B$13,RAND(),"")
A7: 2 | B7: =IF($A7<=Inputs!$B$13,IF(Inputs!$B$8>0,SUM(F7:O7)/Inputs!$B$8,0),"") | C7: =IF($A7<=Inputs!$B$13,B7/100,"") | D7: =IF($A7<=Inputs!$B$13,C7*Inputs!$B$7,"") | E7: =IF($A7<=Inputs!$B$13,IF(D7>0,1,0),"") | F7: =IF($A7<=Inputs!$B$13,IF(1<=Inputs!$B$8,IF(Inputs!$B$12>0,MAX(MIN(NORM.INV(RAND(),LOOKUP(P7,Inputs!$J$6:$J$9,Inputs!$G$6:$G$9),LOOKUP(P7,Inputs!$J$6:$J$9,Inputs!$H$6:$H$9)),Inputs!$B$12),-Inputs!$B$12),NORM.INV(RAND(),LOOKUP(P7,Inputs!$J$6:$J$9,Inputs!$G$6:$G$9),LOOKUP(P7,Inputs!$J$6:$J$9,Inputs!$H$6:$H$9))),0),"" ) | G7: =IF($A7<=Inputs!$B$13,IF(2<=Inputs!$B$8,IF(Inputs!$B$12>0,MAX(MIN(NORM.INV(RAND(),LOOKUP(Q7,Inputs!$J$6:$J$9,Inputs!$G$6:$G$9),LOOKUP(Q7,Inputs!$J$6:$J$9,Inputs!$H$6:$H$9)),Inputs!$B$12),-Inputs!$B$12),NORM.INV(RAND(),LOOKUP(Q7,Inputs!$J$6:$J$9,Inputs!$G$6:$G$9),LOOKUP(Q7,Inputs!$J$6:$J$9,Inputs!$H$6:$H$9))),0),"" ) | H7: =IF($A7<=Inputs!$B$13,IF(3<=Inputs!$B$8,IF(Inputs!$B$12>0,MAX(MIN(NORM.INV(RAND(),LOOKUP(R7,Inputs!$J$6:$J$9,Inputs!$G$6:$G$9),LOOKUP(R7,Inputs!$J$6:$J$9,Inputs!$H$6:$H$9)),Inputs!$B$12),-Inputs!$B$12),NORM.INV(RAND(),LOOKUP(R7,Inputs!$J$6:$J$9,Inputs!$G$6:$G$9),LOOKUP(R7,Inputs!$J$6:$J$9,Inputs!$H$6:$H$9))),0),"" ) | I7: =IF($A7<=Inputs!$B$13,IF(4<=Inputs!$B$8,IF(Inputs!$B$12>0,MAX(MIN(NORM.INV(RAND(),LOOKUP(S7,Inputs!$J$6:$J$9,Inputs!$G$6:$G$9),LOOKUP(S7,Inputs!$J$6:$J$9,Inputs!$H$6:$H$9)),Inputs!$B$12),-Inputs!$B$12),NORM.INV(RAND(),LOOKUP(S7,Inputs!$J$6:$J$9,Inputs!$G$6:$G$9),LOOKUP(S7,Inputs!$J$6:$J$9,Inputs!$H$6:$H$9))),0),"" ) | J7: =IF($A7<=Inputs!$B$13,IF(5<=Inputs!$B$8,IF(Inputs!$B$12>0,MAX(MIN(NORM.INV(RAND(),LOOKUP(T7,Inputs!$J$6:$J$9,Inputs!$G$6:$G$9),LOOKUP(T7,Inputs!$J$6:$J$9,Inputs!$H$6:$H$9)),Inputs!$B$12),-Inputs!$B$12),NORM.INV(RAND(),LOOKUP(T7,Inputs!$J$6:$J$9,Inputs!$G$6:$G$9),LOOKUP(T7,Inputs!$J$6:$J$9,Inputs!$H$6:$H$9))),0),"" ) | K7: =IF($A7<=Inputs!$B$13,IF(6<=Inputs!$B$8,IF(Inputs!$B$12>0,MAX(MIN(NORM.INV(RAND(),LOOKUP(U7,Inputs!$J$6:$J$9,Inputs!$G$6:$G$9),LOOKUP(U7,Inputs!$J$6:$J$9,Inputs!$H$6:$H$9)),Inputs!$B$12),-Inputs!$B$12),NORM.INV(RAND(),LOOKUP(U7,Inputs!$J$6:$J$9,Inputs!$G$6:$G$9),LOOKUP(U7,Inputs!$J$6:$J$9,Inputs!$H$6:$H$9))),0),"" ) | L7: =PERCENTILE.INC($B$6:$B$5005,0.50) | M7: =IF($A7<=Inputs!$B$13,IF(8<=Inputs!$B$8,IF(Inputs!$B$12>0,MAX(MIN(NORM.INV(RAND(),LOOKUP(W7,Inputs!$J$6:$J$9,Inputs!$G$6:$G$9),LOOKUP(W7,Inputs!$J$6:$J$9,Inputs!$H$6:$H$9)),Inputs!$B$12),-Inputs!$B$12),NORM.INV(RAND(),LOOKUP(W7,Inputs!$J$6:$J$9,Inputs!$G$6:$G$9),LOOKUP(W7,Inputs!$J$6:$J$9,Inputs!$H$6:$H$9))),0),"" ) | N7: =IF($A7<=Inputs!$B$13,IF(9<=Inputs!$B$8,IF(Inputs!$B$12>0,MAX(MIN(NORM.INV(RAND(),LOOKUP(X7,Inputs!$J$6:$J$9,Inputs!$G$6:$G$9),LOOKUP(X7,Inputs!$J$6:$J$9,Inputs!$H$6:$H$9)),Inputs!$B$12),-Inputs!$B$12),NORM.INV(RAND(),LOOKUP(X7,Inputs!$J$6:$J$9,Inputs!$G$6:$G$9),LOOKUP(X7,Inputs!$J$6:$J$9,Inputs!$H$6:$H$9))),0),"" ) | O7: =IF($A7<=Inputs!$B$13,IF(10<=Inputs!$B$8,IF(Inputs!$B$12>0,MAX(MIN(NORM.INV(RAND(),LOOKUP(Y7,Inputs!$J$6:$J$9,Inputs!$G$6:$G$9),LOOKUP(Y7,Inputs!$J$6:$J$9,Inputs!$H$6:$H$9)),Inputs!$B$12),-Inputs!$B$12),NORM.INV(RAND(),LOOKUP(Y7,Inputs!$J$6:$J$9,Inputs!$G$6:$G$9),LOOKUP(Y7,Inputs!$J$6:$J$9,Inputs!$H$6:$H$9))),0),"" ) | P7: =IF($A7<=Inputs!$B$13,RAND(),"") | Q7: =IF($A7<=Inputs!$B$13,RAND(),"") | R7: =IF($A7<=Inputs!$B$13,RAND(),"") | S7: =IF($A7<=Inputs!$B$13,RAND(),"") | T7: =IF($A7<=Inputs!$B$13,RAND(),"") | U7: =IF($A7<=Inputs!$B$13,RAND(),"") | V7: =IF($A7<=Inputs!$B$13,RAND(),"") | W7: =IF($A7<=Inputs!$B$13,RAND(),"") | ... Y7: =IF($A7<=Inputs!$B$13,RAND(),"")
A8: 3 | B8: =IF($A8<=Inputs!$B$13,IF(Inputs!$B$8>0,SUM(F8:O8)/Inputs!$B$8,0),"") | C8: =IF($A8<=Inputs!$B$13,B8/100,"") | D8: =IF($A8<=Inputs!$B$13,C8*Inputs!$B$7,"") | E8: =IF($A8<=Inputs!$B$13,IF(D8>0,1,0),"") | F8: =IF($A8<=Inputs!$B$13,IF(1<=Inputs!$B$8,IF(Inputs!$B$12>0,MAX(MIN(NORM.INV(RAND(),LOOKUP(P8,Inputs!$J$6:$J$9,Inputs!$G$6:$G$9),LOOKUP(P8,Inputs!$J$6:$J$9,Inputs!$H$6:$H$9)),Inputs!$B$12),-Inputs!$B$12),NORM.INV(RAND(),LOOKUP(P8,Inputs!$J$6:$J$9,Inputs!$G$6:$G$9),LOOKUP(P8,Inputs!$J$6:$J$9,Inputs!$H$6:$H$9))),0),"" ) | G8: =IF($A8<=Inputs!$B$13,IF(2<=Inputs!$B$8,IF(Inputs!$B$12>0,MAX(MIN(NORM.INV(RAND(),LOOKUP(Q8,Inputs!$J$6:$J$9,Inputs!$G$6:$G$9),LOOKUP(Q8,Inputs!$J$6:$J$9,Inputs!$H$6:$H$9)),Inputs!$B$12),-Inputs!$B$12),NORM.INV(RAND(),LOOKUP(Q8,Inputs!$J$6:$J$9,Inputs!$G$6:$G$9),LOOKUP(Q8,Inputs!$J$6:$J$9,Inputs!$H$6:$H$9))),0),"" ) | H8: =IF($A8<=Inputs!$B$13,IF(3<=Inputs!$B$8,IF(Inputs!$B$12>0,MAX(MIN(NORM.INV(RAND(),LOOKUP(R8,Inputs!$J$6:$J$9,Inputs!$G$6:$G$9),LOOKUP(R8,Inputs!$J$6:$J$9,Inputs!$H$6:$H$9)),Inputs!$B$12),-Inputs!$B$12),NORM.INV(RAND(),LOOKUP(R8,Inputs!$J$6:$J$9,Inputs!$G$6:$G$9),LOOKUP(R8,Inputs!$J$6:$J$9,Inputs!$H$6:$H$9))),0),"" ) | I8: =IF($A8<=Inputs!$B$13,IF(4<=Inputs!$B$8,IF(Inputs!$B$12>0,MAX(MIN(NORM.INV(RAND(),LOOKUP(S8,Inputs!$J$6:$J$9,Inputs!$G$6:$G$9),LOOKUP(S8,Inputs!$J$6:$J$9,Inputs!$H$6:$H$9)),Inputs!$B$12),-Inputs!$B$12),NORM.INV(RAND(),LOOKUP(S8,Inputs!$J$6:$J$9,Inputs!$G$6:$G$9),LOOKUP(S8,Inputs!$J$6:$J$9,Inputs!$H$6:$H$9))),0),"" ) | J8: =IF($A8<=Inputs!$B$13,IF(5<=Inputs!$B$8,IF(Inputs!$B$12>0,MAX(MIN(NORM.INV(RAND(),LOOKUP(T8,Inputs!$J$6:$J$9,Inputs!$G$6:$G$9),LOOKUP(T8,Inputs!$J$6:$J$9,Inputs!$H$6:$H$9)),Inputs!$B$12),-Inputs!$B$12),NORM.INV(RAND(),LOOKUP(T8,Inputs!$J$6:$J$9,Inputs!$G$6:$G$9),LOOKUP(T8,Inputs!$J$6:$J$9,Inputs!$H$6:$H$9))),0),"" ) | K8: =IF($A8<=Inputs!$B$13,IF(6<=Inputs!$B$8,IF(Inputs!$B$12>0,MAX(MIN(NORM.INV(RAND(),LOOKUP(U8,Inputs!$J$6:$J$9,Inputs!$G$6:$G$9),LOOKUP(U8,Inputs!$J$6:$J$9,Inputs!$H$6:$H$9)),Inputs!$B$12),-Inputs!$B$12),NORM.INV(RAND(),LOOKUP(U8,Inputs!$J$6:$J$9,Inputs!$G$6:$G$9),LOOKUP(U8,Inputs!$J$6:$J$9,Inputs!$H$6:$H$9))),0),"" ) | L8: =PERCENTILE.INC($B$6:$B$5005,0.95) | M8: =IF($A8<=Inputs!$B$13,IF(8<=Inputs!$B$8,IF(Inputs!$B$12>0,MAX(MIN(NORM.INV(RAND(),LOOKUP(W8,Inputs!$J$6:$J$9,Inputs!$G$6:$G$9),LOOKUP(W8,Inputs!$J$6:$J$9,Inputs!$H$6:$H$9)),Inputs!$B$12),-Inputs!$B$12),NORM.INV(RAND(),LOOKUP(W8,Inputs!$J$6:$J$9,Inputs!$G$6:$G$9),LOOKUP(W8,Inputs!$J$6:$J$9,Inputs!$H$6:$H$9))),0),"" ) | N8: =IF($A8<=Inputs!$B$13,IF(9<=Inputs!$B$8,IF(Inputs!$B$12>0,MAX(MIN(NORM.INV(RAND(),LOOKUP(X8,Inputs!$J$6:$J$9,Inputs!$G$6:$G$9),LOOKUP(X8,Inputs!$J$6:$J$9,Inputs!$H$6:$H$9)),Inputs!$B$12),-Inputs!$B$12),NORM.INV(RAND(),LOOKUP(X8,Inputs!$J$6:$J$9,Inputs!$G$6:$G$9),LOOKUP(X8,Inputs!$J$6:$J$9,Inputs!$H$6:$H$9))),0),"" ) | O8: =IF($A8<=Inputs!$B$13,IF(10<=Inputs!$B$8,IF(Inputs!$B$12>0,MAX(MIN(NORM.INV(RAND(),LOOKUP(Y8,Inputs!$J$6:$J$9,Inputs!$G$6:$G$9),LOOKUP(Y8,Inputs!$J$6:$J$9,Inputs!$H$6:$H$9)),Inputs!$B$12),-Inputs!$B$12),NORM.INV(RAND(),LOOKUP(Y8,Inputs!$J$6:$J$9,Inputs!$G$6:$G$9),LOOKUP(Y8,Inputs!$J$6:$J$9,Inputs!$H$6:$H$9))),0),"" ) | P8: =IF($A8<=Inputs!$B$13,RAND(),"") | Q8: =IF($A8<=Inputs!$B$13,RAND(),"") | R8: =IF($A8<=Inputs!$B$13,RAND(),"") | S8: =IF($A8<=Inputs!$B$13,RAND(),"") | T8: =IF($A8<=Inputs!$B$13,RAND(),"") | U8: =IF($A8<=Inputs!$B$13,RAND(),"") | V8: =IF($A8<=Inputs!$B$13,RAND(),"") | W8: =IF($A8<=Inputs!$B$13,RAND(),"") | ... Y8: =IF($A8<=Inputs!$B$13,RAND(),"")
A9: 4 | B9: =IF($A9<=Inputs!$B$13,IF(Inputs!$B$8>0,SUM(F9:O9)/Inputs!$B$8,0),"") | C9: =IF($A9<=Inputs!$B$13,B9/100,"") | D9: =IF($A9<=Inputs!$B$13,C9*Inputs!$B$7,"") | E9: =IF($A9<=Inputs!$B$13,IF(D9>0,1,0),"") | F9: =IF($A9<=Inputs!$B$13,IF(1<=Inputs!$B$8,IF(Inputs!$B$12>0,MAX(MIN(NORM.INV(RAND(),LOOKUP(P9,Inputs!$J$6:$J$9,Inputs!$G$6:$G$9),LOOKUP(P9,Inputs!$J$6:$J$9,Inputs!$H$6:$H$9)),Inputs!$B$12),-Inputs!$B$12),NORM.INV(RAND(),LOOKUP(P9,Inputs!$J$6:$J$9,Inputs!$G$6:$G$9),LOOKUP(P9,Inputs!$J$6:$J$9,Inputs!$H$6:$H$9))),0),"" ) | G9: =IF($A9<=Inputs!$B$13,IF(2<=Inputs!$B$8,IF(Inputs!$B$12>0,MAX(MIN(NORM.INV(RAND(),LOOKUP(Q9,Inputs!$J$6:$J$9,Inputs!$G$6:$G$9),LOOKUP(Q9,Inputs!$J$6:$J$9,Inputs!$H$6:$H$9)),Inputs!$B$12),-Inputs!$B$12),NORM.INV(RAND(),LOOKUP(Q9,Inputs!$J$6:$J$9,Inputs!$G$6:$G$9),LOOKUP(Q9,Inputs!$J$6:$J$9,Inputs!$H$6:$H$9))),0),"" ) | H9: =IF($A9<=Inputs!$B$13,IF(3<=Inputs!$B$8,IF(Inputs!$B$12>0,MAX(MIN(NORM.INV(RAND(),LOOKUP(R9,Inputs!$J$6:$J$9,Inputs!$G$6:$G$9),LOOKUP(R9,Inputs!$J$6:$J$9,Inputs!$H$6:$H$9)),Inputs!$B$12),-Inputs!$B$12),NORM.INV(RAND(),LOOKUP(R9,Inputs!$J$6:$J$9,Inputs!$G$6:$G$9),LOOKUP(R9,Inputs!$J$6:$J$9,Inputs!$H$6:$H$9))),0),"" ) | I9: =IF($A9<=Inputs!$B$13,IF(4<=Inputs!$B$8,IF(Inputs!$B$12>0,MAX(MIN(NORM.INV(RAND(),LOOKUP(S9,Inputs!$J$6:$J$9,Inputs!$G$6:$G$9),LOOKUP(S9,Inputs!$J$6:$J$9,Inputs!$H$6:$H$9)),Inputs!$B$12),-Inputs!$B$12),NORM.INV(RAND(),LOOKUP(S9,Inputs!$J$6:$J$9,Inputs!$G$6:$G$9),LOOKUP(S9,Inputs!$J$6:$J$9,Inputs!$H$6:$H$9))),0),"" ) | J9: =IF($A9<=Inputs!$B$13,IF(5<=Inputs!$B$8,IF(Inputs!$B$12>0,MAX(MIN(NORM.INV(RAND(),LOOKUP(T9,Inputs!$J$6:$J$9,Inputs!$G$6:$G$9),LOOKUP(T9,Inputs!$J$6:$J$9,Inputs!$H$6:$H$9)),Inputs!$B$12),-Inputs!$B$12),NORM.INV(RAND(),LOOKUP(T9,Inputs!$J$6:$J$9,Inputs!$G$6:$G$9),LOOKUP(T9,Inputs!$J$6:$J$9,Inputs!$H$6:$H$9))),0),"" ) | K9: =IF($A9<=Inputs!$B$13,IF(6<=Inputs!$B$8,IF(Inputs!$B$12>0,MAX(MIN(NORM.INV(RAND(),LOOKUP(U9,Inputs!$J$6:$J$9,Inputs!$G$6:$G$9),LOOKUP(U9,Inputs!$J$6:$J$9,Inputs!$H$6:$H$9)),Inputs!$B$12),-Inputs!$B$12),NORM.INV(RAND(),LOOKUP(U9,Inputs!$J$6:$J$9,Inputs!$G$6:$G$9),LOOKUP(U9,Inputs!$J$6:$J$9,Inputs!$H$6:$H$9))),0),"" ) | L9: =AVERAGE($E$6:$E$5005) | M9: =IF($A9<=Inputs!$B$13,IF(8<=Inputs!$B$8,IF(Inputs!$B$12>0,MAX(MIN(NORM.INV(RAND(),LOOKUP(W9,Inputs!$J$6:$J$9,Inputs!$G$6:$G$9),LOOKUP(W9,Inputs!$J$6:$J$9,Inputs!$H$6:$H$9)),Inputs!$B$12),-Inputs!$B$12),NORM.INV(RAND(),LOOKUP(W9,Inputs!$J$6:$J$9,Inputs!$G$6:$G$9),LOOKUP(W9,Inputs!$J$6:$J$9,Inputs!$H$6:$H$9))),0),"" ) | N9: =IF($A9<=Inputs!$B$13,IF(9<=Inputs!$B$8,IF(Inputs!$B$12>0,MAX(MIN(NORM.INV(RAND(),LOOKUP(X9,Inputs!$J$6:$J$9,Inputs!$G$6:$G$9),LOOKUP(X9,Inputs!$J$6:$J$9,Inputs!$H$6:$H$9)),Inputs!$B$12),-Inputs!$B$12),NORM.INV(RAND(),LOOKUP(X9,Inputs!$J$6:$J$9,Inputs!$G$6:$G$9),LOOKUP(X9,Inputs!$J$6:$J$9,Inputs!$H$6:$H$9))),0),"" ) | O9: =IF($A9<=Inputs!$B$13,IF(10<=Inputs!$B$8,IF(Inputs!$B$12>0,MAX(MIN(NORM.INV(RAND(),LOOKUP(Y9,Inputs!$J$6:$J$9,Inputs!$G$6:$G$9),LOOKUP(Y9,Inputs!$J$6:$J$9,Inputs!$H$6:$H$9)),Inputs!$B$12),-Inputs!$B$12),NORM.INV(RAND(),LOOKUP(Y9,Inputs!$J$6:$J$9,Inputs!$G$6:$G$9),LOOKUP(Y9,Inputs!$J$6:$J$9,Inputs!$H$6:$H$9))),0),"" ) | P9: =IF($A9<=Inputs!$B$13,RAND(),"") | Q9: =IF($A9<=Inputs!$B$13,RAND(),"") | R9: =IF($A9<=Inputs!$B$13,RAND(),"") | S9: =IF($A9<=Inputs!$B$13,RAND(),"") | T9: =IF($A9<=Inputs!$B$13,RAND(),"") | U9: =IF($A9<=Inputs!$B$13,RAND(),"") | V9: =IF($A9<=Inputs!$B$13,RAND(),"") | W9: =IF($A9<=Inputs!$B$13,RAND(),"") | ... Y9: =IF($A9<=Inputs!$B$13,RAND(),"")
A10: 5 | B10: =IF($A10<=Inputs!$B$13,IF(Inputs!$B$8>0,SUM(F10:O10)/Inputs!$B$8,0),"") | C10: =IF($A10<=Inputs!$B$13,B10/100,"") | D10: =IF($A10<=Inputs!$B$13,C10*Inputs!$B$7,"") | E10: =IF($A10<=Inputs!$B$13,IF(D10>0,1,0),"") | F10: =IF($A10<=Inputs!$B$13,IF(1<=Inputs!$B$8,IF(Inputs!$B$12>0,MAX(MIN(NORM.INV(RAND(),LOOKUP(P10,Inputs!$J$6:$J$9,Inputs!$G$6:$G$9),LOOKUP(P10,Inputs!$J$6:$J$9,Inputs!$H$6:$H$9)),Inputs!$B$12),-Inputs!$B$12),NORM.INV(RAND(),LOOKUP(P10,Inputs!$J$6:$J$9,Inputs!$G$6:$G$9),LOOKUP(P10,Inputs!$J$6:$J$9,Inputs!$H$6:$H$9))),0),"" ) | G10: =IF($A10<=Inputs!$B$13,IF(2<=Inputs!$B$8,IF(Inputs!$B$12>0,MAX(MIN(NORM.INV(RAND(),LOOKUP(Q10,Inputs!$J$6:$J$9,Inputs!$G$6:$G$9),LOOKUP(Q10,Inputs!$J$6:$J$9,Inputs!$H$6:$H$9)),Inputs!$B$12),-Inputs!$B$12),NORM.INV(RAND(),LOOKUP(Q10,Inputs!$J$6:$J$9,Inputs!$G$6:$G$9),LOOKUP(Q10,Inputs!$J$6:$J$9,Inputs!$H$6:$H$9))),0),"" ) | H10: =IF($A10<=Inputs!$B$13,IF(3<=Inputs!$B$8,IF(Inputs!$B$12>0,MAX(MIN(NORM.INV(RAND(),LOOKUP(R10,Inputs!$J$6:$J$9,Inputs!$G$6:$G$9),LOOKUP(R10,Inputs!$J$6:$J$9,Inputs!$H$6:$H$9)),Inputs!$B$12),-Inputs!$B$12),NORM.INV(RAND(),LOOKUP(R10,Inputs!$J$6:$J$9,Inputs!$G$6:$G$9),LOOKUP(R10,Inputs!$J$6:$J$9,Inputs!$H$6:$H$9))),0),"" ) | I10: =IF($A10<=Inputs!$B$13,IF(4<=Inputs!$B$8,IF(Inputs!$B$12>0,MAX(MIN(NORM.INV(RAND(),LOOKUP(S10,Inputs!$J$6:$J$9,Inputs!$G$6:$G$9),LOOKUP(S10,Inputs!$J$6:$J$9,Inputs!$H$6:$H$9)),Inputs!$B$12),-Inputs!$B$12),NORM.INV(RAND(),LOOKUP(S10,Inputs!$J$6:$J$9,Inputs!$G$6:$G$9),LOOKUP(S10,Inputs!$J$6:$J$9,Inputs!$H$6:$H$9))),0),"" ) | J10: =IF($A10<=Inputs!$B$13,IF(5<=Inputs!$B$8,IF(Inputs!$B$12>0,MAX(MIN(NORM.INV(RAND(),LOOKUP(T10,Inputs!$J$6:$J$9,Inputs!$G$6:$G$9),LOOKUP(T10,Inputs!$J$6:$J$9,Inputs!$H$6:$H$9)),Inputs!$B$12),-Inputs!$B$12),NORM.INV(RAND(),LOOKUP(T10,Inputs!$J$6:$J$9,Inputs!$G$6:$G$9),LOOKUP(T10,Inputs!$J$6:$J$9,Inputs!$H$6:$H$9))),0),"" ) | K10: =IF($A10<=Inputs!$B$13,IF(6<=Inputs!$B$8,IF(Inputs!$B$12>0,MAX(MIN(NORM.INV(RAND(),LOOKUP(U10,Inputs!$J$6:$J$9,Inputs!$G$6:$G$9),LOOKUP(U10,Inputs!$J$6:$J$9,Inputs!$H$6:$H$9)),Inputs!$B$12),-Inputs!$B$12),NORM.INV(RAND(),LOOKUP(U10,Inputs!$J$6:$J$9,Inputs!$G$6:$G$9),LOOKUP(U10,Inputs!$J$6:$J$9,Inputs!$H$6:$H$9))),0),"" ) | L10: =IF($A10<=Inputs!$B$13,IF(7<=Inputs!$B$8,IF(Inputs!$B$12>0,MAX(MIN(NORM.INV(RAND(),LOOKUP(V10,Inputs!$J$6:$J$9,Inputs!$G$6:$G$9),LOOKUP(V10,Inputs!$J$6:$J$9,Inputs!$H$6:$H$9)),Inputs!$B$12),-Inputs!$B$12),NORM.INV(RAND(),LOOKUP(V10,Inputs!$J$6:$J$9,Inputs!$G$6:$G$9),LOOKUP(V10,Inputs!$J$6:$J$9,Inputs!$H$6:$H$9))),0),"" ) | M10: =IF($A10<=Inputs!$B$13,IF(8<=Inputs!$B$8,IF(Inputs!$B$12>0,MAX(MIN(NORM.INV(RAND(),LOOKUP(W10,Inputs!$J$6:$J$9,Inputs!$G$6:$G$9),LOOKUP(W10,Inputs!$J$6:$J$9,Inputs!$H$6:$H$9)),Inputs!$B$12),-Inputs!$B$12),NORM.INV(RAND(),LOOKUP(W10,Inputs!$J$6:$J$9,Inputs!$G$6:$G$9),LOOKUP(W10,Inputs!$J$6:$J$9,Inputs!$H$6:$H$9))),0),"" ) | N10: =IF($A10<=Inputs!$B$13,IF(9<=Inputs!$B$8,IF(Inputs!$B$12>0,MAX(MIN(NORM.INV(RAND(),LOOKUP(X10,Inputs!$J$6:$J$9,Inputs!$G$6:$G$9),LOOKUP(X10,Inputs!$J$6:$J$9,Inputs!$H$6:$H$9)),Inputs!$B$12),-Inputs!$B$12),NORM.INV(RAND(),LOOKUP(X10,Inputs!$J$6:$J$9,Inputs!$G$6:$G$9),LOOKUP(X10,Inputs!$J$6:$J$9,Inputs!$H$6:$H$9))),0),"" ) | O10: =IF($A10<=Inputs!$B$13,IF(10<=Inputs!$B$8,IF(Inputs!$B$12>0,MAX(MIN(NORM.INV(RAND(),LOOKUP(Y10,Inputs!$J$6:$J$9,Inputs!$G$6:$G$9),LOOKUP(Y10,Inputs!$J$6:$J$9,Inputs!$H$6:$H$9)),Inputs!$B$12),-Inputs!$B$12),NORM.INV(RAND(),LOOKUP(Y10,Inputs!$J$6:$J$9,Inputs!$G$6:$G$9),LOOKUP(Y10,Inputs!$J$6:$J$9,Inputs!$H$6:$H$9))),0),"" ) | P10: =IF($A10<=Inputs!$B$13,RAND(),"") | Q10: =IF($A10<=Inputs!$B$13,RAND(),"") | R10: =IF($A10<=Inputs!$B$13,RAND(),"") | S10: =IF($A10<=Inputs!$B$13,RAND(),"") | T10: =IF($A10<=Inputs!$B$13,RAND(),"") | U10: =IF($A10<=Inputs!$B$13,RAND(),"") | V10: =IF($A10<=Inputs!$B$13,RAND(),"") | W10: =IF($A10<=Inputs!$B$13,RAND(),"") | ... Y10: =IF($A10<=Inputs!$B$13,RAND(),"")
A11: 6 | B11: =IF($A11<=Inputs!$B$13,IF(Inputs!$B$8>0,SUM(F11:O11)/Inputs!$B$8,0),"") | C11: =IF($A11<=Inputs!$B$13,B11/100,"") | D11: =IF($A11<=Inputs!$B$13,C11*Inputs!$B$7,"") | E11: =IF($A11<=Inputs!$B$13,IF(D11>0,1,0),"") | F11: =IF($A11<=Inputs!$B$13,IF(1<=Inputs!$B$8,IF(Inputs!$B$12>0,MAX(MIN(NORM.INV(RAND(),LOOKUP(P11,Inputs!$J$6:$J$9,Inputs!$G$6:$G$9),LOOKUP(P11,Inputs!$J$6:$J$9,Inputs!$H$6:$H$9)),Inputs!$B$12),-Inputs!$B$12),NORM.INV(RAND(),LOOKUP(P11,Inputs!$J$6:$J$9,Inputs!$G$6:$G$9),LOOKUP(P11,Inputs!$J$6:$J$9,Inputs!$H$6:$H$9))),0),"" ) | G11: =IF($A11<=Inputs!$B$13,IF(2<=Inputs!$B$8,IF(Inputs!$B$12>0,MAX(MIN(NORM.INV(RAND(),LOOKUP(Q11,Inputs!$J$6:$J$9,Inputs!$G$6:$G$9),LOOKUP(Q11,Inputs!$J$6:$J$9,Inputs!$H$6:$H$9)),Inputs!$B$12),-Inputs!$B$12),NORM.INV(RAND(),LOOKUP(Q11,Inputs!$J$6:$J$9,Inputs!$G$6:$G$9),LOOKUP(Q11,Inputs!$J$6:$J$9,Inputs!$H$6:$H$9))),0),"" ) | H11: =IF($A11<=Inputs!$B$13,IF(3<=Inputs!$B$8,IF(Inputs!$B$12>0,MAX(MIN(NORM.INV(RAND(),LOOKUP(R11,Inputs!$J$6:$J$9,Inputs!$G$6:$G$9),LOOKUP(R11,Inputs!$J$6:$J$9,Inputs!$H$6:$H$9)),Inputs!$B$12),-Inputs!$B$12),NORM.INV(RAND(),LOOKUP(R11,Inputs!$J$6:$J$9,Inputs!$G$6:$G$9),LOOKUP(R11,Inputs!$J$6:$J$9,Inputs!$H$6:$H$9))),0),"" ) | I11: =IF($A11<=Inputs!$B$13,IF(4<=Inputs!$B$8,IF(Inputs!$B$12>0,MAX(MIN(NORM.INV(RAND(),LOOKUP(S11,Inputs!$J$6:$J$9,Inputs!$G$6:$G$9),LOOKUP(S11,Inputs!$J$6:$J$9,Inputs!$H$6:$H$9)),Inputs!$B$12),-Inputs!$B$12),NORM.INV(RAND(),LOOKUP(S11,Inputs!$J$6:$J$9,Inputs!$G$6:$G$9),LOOKUP(S11,Inputs!$J$6:$J$9,Inputs!$H$6:$H$9))),0),"" ) | J11: =IF($A11<=Inputs!$B$13,IF(5<=Inputs!$B$8,IF(Inputs!$B$12>0,MAX(MIN(NORM.INV(RAND(),LOOKUP(T11,Inputs!$J$6:$J$9,Inputs!$G$6:$G$9),LOOKUP(T11,Inputs!$J$6:$J$9,Inputs!$H$6:$H$9)),Inputs!$B$12),-Inputs!$B$12),NORM.INV(RAND(),LOOKUP(T11,Inputs!$J$6:$J$9,Inputs!$G$6:$G$9),LOOKUP(T11,Inputs!$J$6:$J$9,Inputs!$H$6:$H$9))),0),"" ) | K11: =IF($A11<=Inputs!$B$13,IF(6<=Inputs!$B$8,IF(Inputs!$B$12>0,MAX(MIN(NORM.INV(RAND(),LOOKUP(U11,Inputs!$J$6:$J$9,Inputs!$G$6:$G$9),LOOKUP(U11,Inputs!$J$6:$J$9,Inputs!$H$6:$H$9)),Inputs!$B$12),-Inputs!$B$12),NORM.INV(RAND(),LOOKUP(U11,Inputs!$J$6:$J$9,Inputs!$G$6:$G$9),LOOKUP(U11,Inputs!$J$6:$J$9,Inputs!$H$6:$H$9))),0),"" ) | L11: =IF($A11<=Inputs!$B$13,IF(7<=Inputs!$B$8,IF(Inputs!$B$12>0,MAX(MIN(NORM.INV(RAND(),LOOKUP(V11,Inputs!$J$6:$J$9,Inputs!$G$6:$G$9),LOOKUP(V11,Inputs!$J$6:$J$9,Inputs!$H$6:$H$9)),Inputs!$B$12),-Inputs!$B$12),NORM.INV(RAND(),LOOKUP(V11,Inputs!$J$6:$J$9,Inputs!$G$6:$G$9),LOOKUP(V11,Inputs!$J$6:$J$9,Inputs!$H$6:$H$9))),0),"" ) | M11: =IF($A11<=Inputs!$B$13,IF(8<=Inputs!$B$8,IF(Inputs!$B$12>0,MAX(MIN(NORM.INV(RAND(),LOOKUP(W11,Inputs!$J$6:$J$9,Inputs!$G$6:$G$9),LOOKUP(W11,Inputs!$J$6:$J$9,Inputs!$H$6:$H$9)),Inputs!$B$12),-Inputs!$B$12),NORM.INV(RAND(),LOOKUP(W11,Inputs!$J$6:$J$9,Inputs!$G$6:$G$9),LOOKUP(W11,Inputs!$J$6:$J$9,Inputs!$H$6:$H$9))),0),"" ) | N11: =IF($A11<=Inputs!$B$13,IF(9<=Inputs!$B$8,IF(Inputs!$B$12>0,MAX(MIN(NORM.INV(RAND(),LOOKUP(X11,Inputs!$J$6:$J$9,Inputs!$G$6:$G$9),LOOKUP(X11,Inputs!$J$6:$J$9,Inputs!$H$6:$H$9)),Inputs!$B$12),-Inputs!$B$12),NORM.INV(RAND(),LOOKUP(X11,Inputs!$J$6:$J$9,Inputs!$G$6:$G$9),LOOKUP(X11,Inputs!$J$6:$J$9,Inputs!$H$6:$H$9))),0),"" ) | O11: =IF($A11<=Inputs!$B$13,IF(10<=Inputs!$B$8,IF(Inputs!$B$12>0,MAX(MIN(NORM.INV(RAND(),LOOKUP(Y11,Inputs!$J$6:$J$9,Inputs!$G$6:$G$9),LOOKUP(Y11,Inputs!$J$6:$J$9,Inputs!$H$6:$H$9)),Inputs!$B$12),-Inputs!$B$12),NORM.INV(RAND(),LOOKUP(Y11,Inputs!$J$6:$J$9,Inputs!$G$6:$G$9),LOOKUP(Y11,Inputs!$J$6:$J$9,Inputs!$H$6:$H$9))),0),"" ) | P11: =IF($A11<=Inputs!$B$13,RAND(),"") | Q11: =IF($A11<=Inputs!$B$13,RAND(),"") | R11: =IF($A11<=Inputs!$B$13,RAND(),"") | S11: =IF($A11<=Inputs!$B$13,RAND(),"") | T11: =IF($A11<=Inputs!$B$13,RAND(),"") | U11: =IF($A11<=Inputs!$B$13,RAND(),"") | V11: =IF($A11<=Inputs!$B$13,RAND(),"") | W11: =IF($A11<=Inputs!$B$13,RAND(),"") | ... Y11: =IF($A11<=Inputs!$B$13,RAND(),"")
A12: 7 | B12: =IF($A12<=Inputs!$B$13,IF(Inputs!$B$8>0,SUM(F12:O12)/Inputs!$B$8,0),"") | C12: =IF($A12<=Inputs!$B$13,B12/100,"") | D12: =IF($A12<=Inputs!$B$13,C12*Inputs!$B$7,"") | E12: =IF($A12<=Inputs!$B$13,IF(D12>0,1,0),"") | F12: =IF($A12<=Inputs!$B$13,IF(1<=Inputs!$B$8,IF(Inputs!$B$12>0,MAX(MIN(NORM.INV(RAND(),LOOKUP(P12,Inputs!$J$6:$J$9,Inputs!$G$6:$G$9),LOOKUP(P12,Inputs!$J$6:$J$9,Inputs!$H$6:$H$9)),Inputs!$B$12),-Inputs!$B$12),NORM.INV(RAND(),LOOKUP(P12,Inputs!$J$6:$J$9,Inputs!$G$6:$G$9),LOOKUP(P12,Inputs!$J$6:$J$9,Inputs!$H$6:$H$9))),0),"" ) | G12: =IF($A12<=Inputs!$B$13,IF(2<=Inputs!$B$8,IF(Inputs!$B$12>0,MAX(MIN(NORM.INV(RAND(),LOOKUP(Q12,Inputs!$J$6:$J$9,Inputs!$G$6:$G$9),LOOKUP(Q12,Inputs!$J$6:$J$9,Inputs!$H$6:$H$9)),Inputs!$B$12),-Inputs!$B$12),NORM.INV(RAND(),LOOKUP(Q12,Inputs!$J$6:$J$9,Inputs!$G$6:$G$9),LOOKUP(Q12,Inputs!$J$6:$J$9,Inputs!$H$6:$H$9))),0),"" ) | H12: =IF($A12<=Inputs!$B$13,IF(3<=Inputs!$B$8,IF(Inputs!$B$12>0,MAX(MIN(NORM.INV(RAND(),LOOKUP(R12,Inputs!$J$6:$J$9,Inputs!$G$6:$G$9),LOOKUP(R12,Inputs!$J$6:$J$9,Inputs!$H$6:$H$9)),Inputs!$B$12),-Inputs!$B$12),NORM.INV(RAND(),LOOKUP(R12,Inputs!$J$6:$J$9,Inputs!$G$6:$G$9),LOOKUP(R12,Inputs!$J$6:$J$9,Inputs!$H$6:$H$9))),0),"" ) | I12: =IF($A12<=Inputs!$B$13,IF(4<=Inputs!$B$8,IF(Inputs!$B$12>0,MAX(MIN(NORM.INV(RAND(),LOOKUP(S12,Inputs!$J$6:$J$9,Inputs!$G$6:$G$9),LOOKUP(S12,Inputs!$J$6:$J$9,Inputs!$H$6:$H$9)),Inputs!$B$12),-Inputs!$B$12),NORM.INV(RAND(),LOOKUP(S12,Inputs!$J$6:$J$9,Inputs!$G$6:$G$9),LOOKUP(S12,Inputs!$J$6:$J$9,Inputs!$H$6:$H$9))),0),"" ) | J12: =IF($A12<=Inputs!$B$13,IF(5<=Inputs!$B$8,IF(Inputs!$B$12>0,MAX(MIN(NORM.INV(RAND(),LOOKUP(T12,Inputs!$J$6:$J$9,Inputs!$G$6:$G$9),LOOKUP(T12,Inputs!$J$6:$J$9,Inputs!$H$6:$H$9)),Inputs!$B$12),-Inputs!$B$12),NORM.INV(RAND(),LOOKUP(T12,Inputs!$J$6:$J$9,Inputs!$G$6:$G$9),LOOKUP(T12,Inputs!$J$6:$J$9,Inputs!$H$6:$H$9))),0),"" ) | K12: =IF($A12<=Inputs!$B$13,IF(6<=Inputs!$B$8,IF(Inputs!$B$12>0,MAX(MIN(NORM.INV(RAND(),LOOKUP(U12,Inputs!$J$6:$J$9,Inputs!$G$6:$G$9),LOOKUP(U12,Inputs!$J$6:$J$9,Inputs!$H$6:$H$9)),Inputs!$B$12),-Inputs!$B$12),NORM.INV(RAND(),LOOKUP(U12,Inputs!$J$6:$J$9,Inputs!$G$6:$G$9),LOOKUP(U12,Inputs!$J$6:$J$9,Inputs!$H$6:$H$9))),0),"" ) | L12: =IF($A12<=Inputs!$B$13,IF(7<=Inputs!$B$8,IF(Inputs!$B$12>0,MAX(MIN(NORM.INV(RAND(),LOOKUP(V12,Inputs!$J$6:$J$9,Inputs!$G$6:$G$9),LOOKUP(V12,Inputs!$J$6:$J$9,Inputs!$H$6:$H$9)),Inputs!$B$12),-Inputs!$B$12),NORM.INV(RAND(),LOOKUP(V12,Inputs!$J$6:$J$9,Inputs!$G$6:$G$9),LOOKUP(V12,Inputs!$J$6:$J$9,Inputs!$H$6:$H$9))),0),"" ) | M12: =IF($A12<=Inputs!$B$13,IF(8<=Inputs!$B$8,IF(Inputs!$B$12>0,MAX(MIN(NORM.INV(RAND(),LOOKUP(W12,Inputs!$J$6:$J$9,Inputs!$G$6:$G$9),LOOKUP(W12,Inputs!$J$6:$J$9,Inputs!$H$6:$H$9)),Inputs!$B$12),-Inputs!$B$12),NORM.INV(RAND(),LOOKUP(W12,Inputs!$J$6:$J$9,Inputs!$G$6:$G$9),LOOKUP(W12,Inputs!$J$6:$J$9,Inputs!$H$6:$H$9))),0),"" ) | N12: =IF($A12<=Inputs!$B$13,IF(9<=Inputs!$B$8,IF(Inputs!$B$12>0,MAX(MIN(NORM.INV(RAND(),LOOKUP(X12,Inputs!$J$6:$J$9,Inputs!$G$6:$G$9),LOOKUP(X12,Inputs!$J$6:$J$9,Inputs!$H$6:$H$9)),Inputs!$B$12),-Inputs!$B$12),NORM.INV(RAND(),LOOKUP(X12,Inputs!$J$6:$J$9,Inputs!$G$6:$G$9),LOOKUP(X12,Inputs!$J$6:$J$9,Inputs!$H$6:$H$9))),0),"" ) | O12: =IF($A12<=Inputs!$B$13,IF(10<=Inputs!$B$8,IF(Inputs!$B$12>0,MAX(MIN(NORM.INV(RAND(),LOOKUP(Y12,Inputs!$J$6:$J$9,Inputs!$G$6:$G$9),LOOKUP(Y12,Inputs!$J$6:$J$9,Inputs!$H$6:$H$9)),Inputs!$B$12),-Inputs!$B$12),NORM.INV(RAND(),LOOKUP(Y12,Inputs!$J$6:$J$9,Inputs!$G$6:$G$9),LOOKUP(Y12,Inputs!$J$6:$J$9,Inputs!$H$6:$H$9))),0),"" ) | P12: =IF($A12<=Inputs!$B$13,RAND(),"") | Q12: =IF($A12<=Inputs!$B$13,RAND(),"") | R12: =IF($A12<=Inputs!$B$13,RAND(),"") | S12: =IF($A12<=Inputs!$B$13,RAND(),"") | T12: =IF($A12<=Inputs!$B$13,RAND(),"") | U12: =IF($A12<=Inputs!$B$13,RAND(),"") | V12: =IF($A12<=Inputs!$B$13,RAND(),"") | W12: =IF($A12<=Inputs!$B$13,RAND(),"") | ... Y12: =IF($A12<=Inputs!$B$13,RAND(),"")
A13: 8 | B13: =IF($A13<=Inputs!$B$13,IF(Inputs!$B$8>0,SUM(F13:O13)/Inputs!$B$8,0),"") | C13: =IF($A13<=Inputs!$B$13,B13/100,"") | D13: =IF($A13<=Inputs!$B$13,C13*Inputs!$B$7,"") | E13: =IF($A13<=Inputs!$B$13,IF(D13>0,1,0),"") | F13: =IF($A13<=Inputs!$B$13,IF(1<=Inputs!$B$8,IF(Inputs!$B$12>0,MAX(MIN(NORM.INV(RAND(),LOOKUP(P13,Inputs!$J$6:$J$9,Inputs!$G$6:$G$9),LOOKUP(P13,Inputs!$J$6:$J$9,Inputs!$H$6:$H$9)),Inputs!$B$12),-Inputs!$B$12),NORM.INV(RAND(),LOOKUP(P13,Inputs!$J$6:$J$9,Inputs!$G$6:$G$9),LOOKUP(P13,Inputs!$J$6:$J$9,Inputs!$H$6:$H$9))),0),"" ) | G13: =IF($A13<=Inputs!$B$13,IF(2<=Inputs!$B$8,IF(Inputs!$B$12>0,MAX(MIN(NORM.INV(RAND(),LOOKUP(Q13,Inputs!$J$6:$J$9,Inputs!$G$6:$G$9),LOOKUP(Q13,Inputs!$J$6:$J$9,Inputs!$H$6:$H$9)),Inputs!$B$12),-Inputs!$B$12),NORM.INV(RAND(),LOOKUP(Q13,Inputs!$J$6:$J$9,Inputs!$G$6:$G$9),LOOKUP(Q13,Inputs!$J$6:$J$9,Inputs!$H$6:$H$9))),0),"" ) | H13: =IF($A13<=Inputs!$B$13,IF(3<=Inputs!$B$8,IF(Inputs!$B$12>0,MAX(MIN(NORM.INV(RAND(),LOOKUP(R13,Inputs!$J$6:$J$9,Inputs!$G$6:$G$9),LOOKUP(R13,Inputs!$J$6:$J$9,Inputs!$H$6:$H$9)),Inputs!$B$12),-Inputs!$B$12),NORM.INV(RAND(),LOOKUP(R13,Inputs!$J$6:$J$9,Inputs!$G$6:$G$9),LOOKUP(R13,Inputs!$J$6:$J$9,Inputs!$H$6:$H$9))),0),"" ) | I13: =IF($A13<=Inputs!$B$13,IF(4<=Inputs!$B$8,IF(Inputs!$B$12>0,MAX(MIN(NORM.INV(RAND(),LOOKUP(S13,Inputs!$J$6:$J$9,Inputs!$G$6:$G$9),LOOKUP(S13,Inputs!$J$6:$J$9,Inputs!$H$6:$H$9)),Inputs!$B$12),-Inputs!$B$12),NORM.INV(RAND(),LOOKUP(S13,Inputs!$J$6:$J$9,Inputs!$G$6:$G$9),LOOKUP(S13,Inputs!$J$6:$J$9,Inputs!$H$6:$H$9))),0),"" ) | J13: =IF($A13<=Inputs!$B$13,IF(5<=Inputs!$B$8,IF(Inputs!$B$12>0,MAX(MIN(NORM.INV(RAND(),LOOKUP(T13,Inputs!$J$6:$J$9,Inputs!$G$6:$G$9),LOOKUP(T13,Inputs!$J$6:$J$9,Inputs!$H$6:$H$9)),Inputs!$B$12),-Inputs!$B$12),NORM.INV(RAND(),LOOKUP(T13,Inputs!$J$6:$J$9,Inputs!$G$6:$G$9),LOOKUP(T13,Inputs!$J$6:$J$9,Inputs!$H$6:$H$9))),0),"" ) | K13: =IF($A13<=Inputs!$B$13,IF(6<=Inputs!$B$8,IF(Inputs!$B$12>0,MAX(MIN(NORM.INV(RAND(),LOOKUP(U13,Inputs!$J$6:$J$9,Inputs!$G$6:$G$9),LOOKUP(U13,Inputs!$J$6:$J$9,Inputs!$H$6:$H$9)),Inputs!$B$12),-Inputs!$B$12),NORM.INV(RAND(),LOOKUP(U13,Inputs!$J$6:$J$9,Inputs!$G$6:$G$9),LOOKUP(U13,Inputs!$J$6:$J$9,Inputs!$H$6:$H$9))),0),"" ) | L13: =IF($A13<=Inputs!$B$13,IF(7<=Inputs!$B$8,IF(Inputs!$B$12>0,MAX(MIN(NORM.INV(RAND(),LOOKUP(V13,Inputs!$J$6:$J$9,Inputs!$G$6:$G$9),LOOKUP(V13,Inputs!$J$6:$J$9,Inputs!$H$6:$H$9)),Inputs!$B$12),-Inputs!$B$12),NORM.INV(RAND(),LOOKUP(V13,Inputs!$J$6:$J$9,Inputs!$G$6:$G$9),LOOKUP(V13,Inputs!$J$6:$J$9,Inputs!$H$6:$H$9))),0),"" ) | M13: =COUNTIFS($B$6:$B$5005,">="&K13,$B$6:$B$5005,"<"&L13) | N13: =IF($A13<=Inputs!$B$13,IF(9<=Inputs!$B$8,IF(Inputs!$B$12>0,MAX(MIN(NORM.INV(RAND(),LOOKUP(X13,Inputs!$J$6:$J$9,Inputs!$G$6:$G$9),LOOKUP(X13,Inputs!$J$6:$J$9,Inputs!$H$6:$H$9)),Inputs!$B$12),-Inputs!$B$12),NORM.INV(RAND(),LOOKUP(X13,Inputs!$J$6:$J$9,Inputs!$G$6:$G$9),LOOKUP(X13,Inputs!$J$6:$J$9,Inputs!$H$6:$H$9))),0),"" ) | O13: =IF($A13<=Inputs!$B$13,IF(10<=Inputs!$B$8,IF(Inputs!$B$12>0,MAX(MIN(NORM.INV(RAND(),LOOKUP(Y13,Inputs!$J$6:$J$9,Inputs!$G$6:$G$9),LOOKUP(Y13,Inputs!$J$6:$J$9,Inputs!$H$6:$H$9)),Inputs!$B$12),-Inputs!$B$12),NORM.INV(RAND(),LOOKUP(Y13,Inputs!$J$6:$J$9,Inputs!$G$6:$G$9),LOOKUP(Y13,Inputs!$J$6:$J$9,Inputs!$H$6:$H$9))),0),"" ) | P13: =IF($A13<=Inputs!$B$13,RAND(),"") | Q13: =IF($A13<=Inputs!$B$13,RAND(),"") | R13: =IF($A13<=Inputs!$B$13,RAND(),"") | S13: =IF($A13<=Inputs!$B$13,RAND(),"") | T13: =IF($A13<=Inputs!$B$13,RAND(),"") | U13: =IF($A13<=Inputs!$B$13,RAND(),"") | V13: =IF($A13<=Inputs!$B$13,RAND(),"") | W13: =IF($A13<=Inputs!$B$13,RAND(),"") | ... Y13: =IF($A13<=Inputs!$B$13,RAND(),"")
A14: 9 | B14: =IF($A14<=Inputs!$B$13,IF(Inputs!$B$8>0,SUM(F14:O14)/Inputs!$B$8,0),"") | C14: =IF($A14<=Inputs!$B$13,B14/100,"") | D14: =IF($A14<=Inputs!$B$13,C14*Inputs!$B$7,"") | E14: =IF($A14<=Inputs!$B$13,IF(D14>0,1,0),"") | F14: =IF($A14<=Inputs!$B$13,IF(1<=Inputs!$B$8,IF(Inputs!$B$12>0,MAX(MIN(NORM.INV(RAND(),LOOKUP(P14,Inputs!$J$6:$J$9,Inputs!$G$6:$G$9),LOOKUP(P14,Inputs!$J$6:$J$9,Inputs!$H$6:$H$9)),Inputs!$B$12),-Inputs!$B$12),NORM.INV(RAND(),LOOKUP(P14,Inputs!$J$6:$J$9,Inputs!$G$6:$G$9),LOOKUP(P14,Inputs!$J$6:$J$9,Inputs!$H$6:$H$9))),0),"" ) | G14: =IF($A14<=Inputs!$B$13,IF(2<=Inputs!$B$8,IF(Inputs!$B$12>0,MAX(MIN(NORM.INV(RAND(),LOOKUP(Q14,Inputs!$J$6:$J$9,Inputs!$G$6:$G$9),LOOKUP(Q14,Inputs!$J$6:$J$9,Inputs!$H$6:$H$9)),Inputs!$B$12),-Inputs!$B$12),NORM.INV(RAND(),LOOKUP(Q14,Inputs!$J$6:$J$9,Inputs!$G$6:$G$9),LOOKUP(Q14,Inputs!$J$6:$J$9,Inputs!$H$6:$H$9))),0),"" ) | H14: =IF($A14<=Inputs!$B$13,IF(3<=Inputs!$B$8,IF(Inputs!$B$12>0,MAX(MIN(NORM.INV(RAND(),LOOKUP(R14,Inputs!$J$6:$J$9,Inputs!$G$6:$G$9),LOOKUP(R14,Inputs!$J$6:$J$9,Inputs!$H$6:$H$9)),Inputs!$B$12),-Inputs!$B$12),NORM.INV(RAND(),LOOKUP(R14,Inputs!$J$6:$J$9,Inputs!$G$6:$G$9),LOOKUP(R14,Inputs!$J$6:$J$9,Inputs!$H$6:$H$9))),0),"" ) | I14: =IF($A14<=Inputs!$B$13,IF(4<=Inputs!$B$8,IF(Inputs!$B$12>0,MAX(MIN(NORM.INV(RAND(),LOOKUP(S14,Inputs!$J$6:$J$9,Inputs!$G$6:$G$9),LOOKUP(S14,Inputs!$J$6:$J$9,Inputs!$H$6:$H$9)),Inputs!$B$12),-Inputs!$B$12),NORM.INV(RAND(),LOOKUP(S14,Inputs!$J$6:$J$9,Inputs!$G$6:$G$9),LOOKUP(S14,Inputs!$J$6:$J$9,Inputs!$H$6:$H$9))),0),"" ) | J14: =IF($A14<=Inputs!$B$13,IF(5<=Inputs!$B$8,IF(Inputs!$B$12>0,MAX(MIN(NORM.INV(RAND(),LOOKUP(T14,Inputs!$J$6:$J$9,Inputs!$G$6:$G$9),LOOKUP(T14,Inputs!$J$6:$J$9,Inputs!$H$6:$H$9)),Inputs!$B$12),-Inputs!$B$12),NORM.INV(RAND(),LOOKUP(T14,Inputs!$J$6:$J$9,Inputs!$G$6:$G$9),LOOKUP(T14,Inputs!$J$6:$J$9,Inputs!$H$6:$H$9))),0),"" ) | K14: =IF($A14<=Inputs!$B$13,IF(6<=Inputs!$B$8,IF(Inputs!$B$12>0,MAX(MIN(NORM.INV(RAND(),LOOKUP(U14,Inputs!$J$6:$J$9,Inputs!$G$6:$G$9),LOOKUP(U14,Inputs!$J$6:$J$9,Inputs!$H$6:$H$9)),Inputs!$B$12),-Inputs!$B$12),NORM.INV(RAND(),LOOKUP(U14,Inputs!$J$6:$J$9,Inputs!$G$6:$G$9),LOOKUP(U14,Inputs!$J$6:$J$9,Inputs!$H$6:$H$9))),0),"" ) | L14: =IF($A14<=Inputs!$B$13,IF(7<=Inputs!$B$8,IF(Inputs!$B$12>0,MAX(MIN(NORM.INV(RAND(),LOOKUP(V14,Inputs!$J$6:$J$9,Inputs!$G$6:$G$9),LOOKUP(V14,Inputs!$J$6:$J$9,Inputs!$H$6:$H$9)),Inputs!$B$12),-Inputs!$B$12),NORM.INV(RAND(),LOOKUP(V14,Inputs!$J$6:$J$9,Inputs!$G$6:$G$9),LOOKUP(V14,Inputs!$J$6:$J$9,Inputs!$H$6:$H$9))),0),"" ) | M14: =COUNTIFS($B$6:$B$5005,">="&K14,$B$6:$B$5005,"<"&L14) | N14: =IF($A14<=Inputs!$B$13,IF(9<=Inputs!$B$8,IF(Inputs!$B$12>0,MAX(MIN(NORM.INV(RAND(),LOOKUP(X14,Inputs!$J$6:$J$9,Inputs!$G$6:$G$9),LOOKUP(X14,Inputs!$J$6:$J$9,Inputs!$H$6:$H$9)),Inputs!$B$12),-Inputs!$B$12),NORM.INV(RAND(),LOOKUP(X14,Inputs!$J$6:$J$9,Inputs!$G$6:$G$9),LOOKUP(X14,Inputs!$J$6:$J$9,Inputs!$H$6:$H$9))),0),"" ) | O14: =IF($A14<=Inputs!$B$13,IF(10<=Inputs!$B$8,IF(Inputs!$B$12>0,MAX(MIN(NORM.INV(RAND(),LOOKUP(Y14,Inputs!$J$6:$J$9,Inputs!$G$6:$G$9),LOOKUP(Y14,Inputs!$J$6:$J$9,Inputs!$H$6:$H$9)),Inputs!$B$12),-Inputs!$B$12),NORM.INV(RAND(),LOOKUP(Y14,Inputs!$J$6:$J$9,Inputs!$G$6:$G$9),LOOKUP(Y14,Inputs!$J$6:$J$9,Inputs!$H$6:$H$9))),0),"" ) | P14: =IF($A14<=Inputs!$B$13,RAND(),"") | Q14: =IF($A14<=Inputs!$B$13,RAND(),"") | R14: =IF($A14<=Inputs!$B$13,RAND(),"") | S14: =IF($A14<=Inputs!$B$13,RAND(),"") | T14: =IF($A14<=Inputs!$B$13,RAND(),"") | U14: =IF($A14<=Inputs!$B$13,RAND(),"") | V14: =IF($A14<=Inputs!$B$13,RAND(),"") | W14: =IF($A14<=Inputs!$B$13,RAND(),"") | ... Y14: =IF($A14<=Inputs!$B$13,RAND(),"")
A15: 10 | B15: =IF($A15<=Inputs!$B$13,IF(Inputs!$B$8>0,SUM(F15:O15)/Inputs!$B$8,0),"") | C15: =IF($A15<=Inputs!$B$13,B15/100,"") | D15: =IF($A15<=Inputs!$B$13,C15*Inputs!$B$7,"") | E15: =IF($A15<=Inputs!$B$13,IF(D15>0,1,0),"") | F15: =IF($A15<=Inputs!$B$13,IF(1<=Inputs!$B$8,IF(Inputs!$B$12>0,MAX(MIN(NORM.INV(RAND(),LOOKUP(P15,Inputs!$J$6:$J$9,Inputs!$G$6:$G$9),LOOKUP(P15,Inputs!$J$6:$J$9,Inputs!$H$6:$H$9)),Inputs!$B$12),-Inputs!$B$12),NORM.INV(RAND(),LOOKUP(P15,Inputs!$J$6:$J$9,Inputs!$G$6:$G$9),LOOKUP(P15,Inputs!$J$6:$J$9,Inputs!$H$6:$H$9))),0),"" ) | G15: =IF($A15<=Inputs!$B$13,IF(2<=Inputs!$B$8,IF(Inputs!$B$12>0,MAX(MIN(NORM.INV(RAND(),LOOKUP(Q15,Inputs!$J$6:$J$9,Inputs!$G$6:$G$9),LOOKUP(Q15,Inputs!$J$6:$J$9,Inputs!$H$6:$H$9)),Inputs!$B$12),-Inputs!$B$12),NORM.INV(RAND(),LOOKUP(Q15,Inputs!$J$6:$J$9,Inputs!$G$6:$G$9),LOOKUP(Q15,Inputs!$J$6:$J$9,Inputs!$H$6:$H$9))),0),"" ) | H15: =IF($A15<=Inputs!$B$13,IF(3<=Inputs!$B$8,IF(Inputs!$B$12>0,MAX(MIN(NORM.INV(RAND(),LOOKUP(R15,Inputs!$J$6:$J$9,Inputs!$G$6:$G$9),LOOKUP(R15,Inputs!$J$6:$J$9,Inputs!$H$6:$H$9)),Inputs!$B$12),-Inputs!$B$12),NORM.INV(RAND(),LOOKUP(R15,Inputs!$J$6:$J$9,Inputs!$G$6:$G$9),LOOKUP(R15,Inputs!$J$6:$J$9,Inputs!$H$6:$H$9))),0),"" ) | I15: =IF($A15<=Inputs!$B$13,IF(4<=Inputs!$B$8,IF(Inputs!$B$12>0,MAX(MIN(NORM.INV(RAND(),LOOKUP(S15,Inputs!$J$6:$J$9,Inputs!$G$6:$G$9),LOOKUP(S15,Inputs!$J$6:$J$9,Inputs!$H$6:$H$9)),Inputs!$B$12),-Inputs!$B$12),NORM.INV(RAND(),LOOKUP(S15,Inputs!$J$6:$J$9,Inputs!$G$6:$G$9),LOOKUP(S15,Inputs!$J$6:$J$9,Inputs!$H$6:$H$9))),0),"" ) | J15: =IF($A15<=Inputs!$B$13,IF(5<=Inputs!$B$8,IF(Inputs!$B$12>0,MAX(MIN(NORM.INV(RAND(),LOOKUP(T15,Inputs!$J$6:$J$9,Inputs!$G$6:$G$9),LOOKUP(T15,Inputs!$J$6:$J$9,Inputs!$H$6:$H$9)),Inputs!$B$12),-Inputs!$B$12),NORM.INV(RAND(),LOOKUP(T15,Inputs!$J$6:$J$9,Inputs!$G$6:$G$9),LOOKUP(T15,Inputs!$J$6:$J$9,Inputs!$H$6:$H$9))),0),"" ) | K15: =IF($A15<=Inputs!$B$13,IF(6<=Inputs!$B$8,IF(Inputs!$B$12>0,MAX(MIN(NORM.INV(RAND(),LOOKUP(U15,Inputs!$J$6:$J$9,Inputs!$G$6:$G$9),LOOKUP(U15,Inputs!$J$6:$J$9,Inputs!$H$6:$H$9)),Inputs!$B$12),-Inputs!$B$12),NORM.INV(RAND(),LOOKUP(U15,Inputs!$J$6:$J$9,Inputs!$G$6:$G$9),LOOKUP(U15,Inputs!$J$6:$J$9,Inputs!$H$6:$H$9))),0),"" ) | L15: =IF($A15<=Inputs!$B$13,IF(7<=Inputs!$B$8,IF(Inputs!$B$12>0,MAX(MIN(NORM.INV(RAND(),LOOKUP(V15,Inputs!$J$6:$J$9,Inputs!$G$6:$G$9),LOOKUP(V15,Inputs!$J$6:$J$9,Inputs!$H$6:$H$9)),Inputs!$B$12),-Inputs!$B$12),NORM.INV(RAND(),LOOKUP(V15,Inputs!$J$6:$J$9,Inputs!$G$6:$G$9),LOOKUP(V15,Inputs!$J$6:$J$9,Inputs!$H$6:$H$9))),0),"" ) | M15: =COUNTIFS($B$6:$B$5005,">="&K15,$B$6:$B$5005,"<"&L15) | N15: =IF($A15<=Inputs!$B$13,IF(9<=Inputs!$B$8,IF(Inputs!$B$12>0,MAX(MIN(NORM.INV(RAND(),LOOKUP(X15,Inputs!$J$6:$J$9,Inputs!$G$6:$G$9),LOOKUP(X15,Inputs!$J$6:$J$9,Inputs!$H$6:$H$9)),Inputs!$B$12),-Inputs!$B$12),NORM.INV(RAND(),LOOKUP(X15,Inputs!$J$6:$J$9,Inputs!$G$6:$G$9),LOOKUP(X15,Inputs!$J$6:$J$9,Inputs!$H$6:$H$9))),0),"" ) | O15: =IF($A15<=Inputs!$B$13,IF(10<=Inputs!$B$8,IF(Inputs!$B$12>0,MAX(MIN(NORM.INV(RAND(),LOOKUP(Y15,Inputs!$J$6:$J$9,Inputs!$G$6:$G$9),LOOKUP(Y15,Inputs!$J$6:$J$9,Inputs!$H$6:$H$9)),Inputs!$B$12),-Inputs!$B$12),NORM.INV(RAND(),LOOKUP(Y15,Inputs!$J$6:$J$9,Inputs!$G$6:$G$9),LOOKUP(Y15,Inputs!$J$6:$J$9,Inputs!$H$6:$H$9))),0),"" ) | P15: =IF($A15<=Inputs!$B$13,RAND(),"") | Q15: =IF($A15<=Inputs!$B$13,RAND(),"") | R15: =IF($A15<=Inputs!$B$13,RAND(),"") | S15: =IF($A15<=Inputs!$B$13,RAND(),"") | T15: =IF($A15<=Inputs!$B$13,RAND(),"") | U15: =IF($A15<=Inputs!$B$13,RAND(),"") | V15: =IF($A15<=Inputs!$B$13,RAND(),"") | W15: =IF($A15<=Inputs!$B$13,RAND(),"") | ... Y15: =IF($A15<=Inputs!$B$13,RAND(),"")
A16: 11 | B16: =IF($A16<=Inputs!$B$13,IF(Inputs!$B$8>0,SUM(F16:O16)/Inputs!$B$8,0),"") | C16: =IF($A16<=Inputs!$B$13,B16/100,"") | D16: =IF($A16<=Inputs!$B$13,C16*Inputs!$B$7,"") | E16: =IF($A16<=Inputs!$B$13,IF(D16>0,1,0),"") | F16: =IF($A16<=Inputs!$B$13,IF(1<=Inputs!$B$8,IF(Inputs!$B$12>0,MAX(MIN(NORM.INV(RAND(),LOOKUP(P16,Inputs!$J$6:$J$9,Inputs!$G$6:$G$9),LOOKUP(P16,Inputs!$J$6:$J$9,Inputs!$H$6:$H$9)),Inputs!$B$12),-Inputs!$B$12),NORM.INV(RAND(),LOOKUP(P16,Inputs!$J$6:$J$9,Inputs!$G$6:$G$9),LOOKUP(P16,Inputs!$J$6:$J$9,Inputs!$H$6:$H$9))),0),"" ) | G16: =IF($A16<=Inputs!$B$13,IF(2<=Inputs!$B$8,IF(Inputs!$B$12>0,MAX(MIN(NORM.INV(RAND(),LOOKUP(Q16,Inputs!$J$6:$J$9,Inputs!$G$6:$G$9),LOOKUP(Q16,Inputs!$J$6:$J$9,Inputs!$H$6:$H$9)),Inputs!$B$12),-Inputs!$B$12),NORM.INV(RAND(),LOOKUP(Q16,Inputs!$J$6:$J$9,Inputs!$G$6:$G$9),LOOKUP(Q16,Inputs!$J$6:$J$9,Inputs!$H$6:$H$9))),0),"" ) | H16: =IF($A16<=Inputs!$B$13,IF(3<=Inputs!$B$8,IF(Inputs!$B$12>0,MAX(MIN(NORM.INV(RAND(),LOOKUP(R16,Inputs!$J$6:$J$9,Inputs!$G$6:$G$9),LOOKUP(R16,Inputs!$J$6:$J$9,Inputs!$H$6:$H$9)),Inputs!$B$12),-Inputs!$B$12),NORM.INV(RAND(),LOOKUP(R16,Inputs!$J$6:$J$9,Inputs!$G$6:$G$9),LOOKUP(R16,Inputs!$J$6:$J$9,Inputs!$H$6:$H$9))),0),"" ) | I16: =IF($A16<=Inputs!$B$13,IF(4<=Inputs!$B$8,IF(Inputs!$B$12>0,MAX(MIN(NORM.INV(RAND(),LOOKUP(S16,Inputs!$J$6:$J$9,Inputs!$G$6:$G$9),LOOKUP(S16,Inputs!$J$6:$J$9,Inputs!$H$6:$H$9)),Inputs!$B$12),-Inputs!$B$12),NORM.INV(RAND(),LOOKUP(S16,Inputs!$J$6:$J$9,Inputs!$G$6:$G$9),LOOKUP(S16,Inputs!$J$6:$J$9,Inputs!$H$6:$H$9))),0),"" ) | J16: =IF($A16<=Inputs!$B$13,IF(5<=Inputs!$B$8,IF(Inputs!$B$12>0,MAX(MIN(NORM.INV(RAND(),LOOKUP(T16,Inputs!$J$6:$J$9,Inputs!$G$6:$G$9),LOOKUP(T16,Inputs!$J$6:$J$9,Inputs!$H$6:$H$9)),Inputs!$B$12),-Inputs!$B$12),NORM.INV(RAND(),LOOKUP(T16,Inputs!$J$6:$J$9,Inputs!$G$6:$G$9),LOOKUP(T16,Inputs!$J$6:$J$9,Inputs!$H$6:$H$9))),0),"" ) | K16: =IF($A16<=Inputs!$B$13,IF(6<=Inputs!$B$8,IF(Inputs!$B$12>0,MAX(MIN(NORM.INV(RAND(),LOOKUP(U16,Inputs!$J$6:$J$9,Inputs!$G$6:$G$9),LOOKUP(U16,Inputs!$J$6:$J$9,Inputs!$H$6:$H$9)),Inputs!$B$12),-Inputs!$B$12),NORM.INV(RAND(),LOOKUP(U16,Inputs!$J$6:$J$9,Inputs!$G$6:$G$9),LOOKUP(U16,Inputs!$J$6:$J$9,Inputs!$H$6:$H$9))),0),"" ) | L16: =IF($A16<=Inputs!$B$13,IF(7<=Inputs!$B$8,IF(Inputs!$B$12>0,MAX(MIN(NORM.INV(RAND(),LOOKUP(V16,Inputs!$J$6:$J$9,Inputs!$G$6:$G$9),LOOKUP(V16,Inputs!$J$6:$J$9,Inputs!$H$6:$H$9)),Inputs!$B$12),-Inputs!$B$12),NORM.INV(RAND(),LOOKUP(V16,Inputs!$J$6:$J$9,Inputs!$G$6:$G$9),LOOKUP(V16,Inputs!$J$6:$J$9,Inputs!$H$6:$H$9))),0),"" ) | M16: =COUNTIFS($B$6:$B$5005,">="&K16,$B$6:$B$5005,"<"&L16) | N16: =IF($A16<=Inputs!$B$13,IF(9<=Inputs!$B$8,IF(Inputs!$B$12>0,MAX(MIN(NORM.INV(RAND(),LOOKUP(X16,Inputs!$J$6:$J$9,Inputs!$G$6:$G$9),LOOKUP(X16,Inputs!$J$6:$J$9,Inputs!$H$6:$H$9)),Inputs!$B$12),-Inputs!$B$12),NORM.INV(RAND(),LOOKUP(X16,Inputs!$J$6:$J$9,Inputs!$G$6:$G$9),LOOKUP(X16,Inputs!$J$6:$J$9,Inputs!$H$6:$H$9))),0),"" ) | O16: =IF($A16<=Inputs!$B$13,IF(10<=Inputs!$B$8,IF(Inputs!$B$12>0,MAX(MIN(NORM.INV(RAND(),LOOKUP(Y16,Inputs!$J$6:$J$9,Inputs!$G$6:$G$9),LOOKUP(Y16,Inputs!$J$6:$J$9,Inputs!$H$6:$H$9)),Inputs!$B$12),-Inputs!$B$12),NORM.INV(RAND(),LOOKUP(Y16,Inputs!$J$6:$J$9,Inputs!$G$6:$G$9),LOOKUP(Y16,Inputs!$J$6:$J$9,Inputs!$H$6:$H$9))),0),"" ) | P16: =IF($A16<=Inputs!$B$13,RAND(),"") | Q16: =IF($A16<=Inputs!$B$13,RAND(),"") | R16: =IF($A16<=Inputs!$B$13,RAND(),"") | S16: =IF($A16<=Inputs!$B$13,RAND(),"") | T16: =IF($A16<=Inputs!$B$13,RAND(),"") | U16: =IF($A16<=Inputs!$B$13,RAND(),"") | V16: =IF($A16<=Inputs!$B$13,RAND(),"") | W16: =IF($A16<=Inputs!$B$13,RAND(),"") | ... Y16: =IF($A16<=Inputs!$B$13,RAND(),"")
A17: 12 | B17: =IF($A17<=Inputs!$B$13,IF(Inputs!$B$8>0,SUM(F17:O17)/Inputs!$B$8,0),"") | C17: =IF($A17<=Inputs!$B$13,B17/100,"") | D17: =IF($A17<=Inputs!$B$13,C17*Inputs!$B$7,"") | E17: =IF($A17<=Inputs!$B$13,IF(D17>0,1,0),"") | F17: =IF($A17<=Inputs!$B$13,IF(1<=Inputs!$B$8,IF(Inputs!$B$12>0,MAX(MIN(NORM.INV(RAND(),LOOKUP(P17,Inputs!$J$6:$J$9,Inputs!$G$6:$G$9),LOOKUP(P17,Inputs!$J$6:$J$9,Inputs!$H$6:$H$9)),Inputs!$B$12),-Inputs!$B$12),NORM.INV(RAND(),LOOKUP(P17,Inputs!$J$6:$J$9,Inputs!$G$6:$G$9),LOOKUP(P17,Inputs!$J$6:$J$9,Inputs!$H$6:$H$9))),0),"" ) | G17: =IF($A17<=Inputs!$B$13,IF(2<=Inputs!$B$8,IF(Inputs!$B$12>0,MAX(MIN(NORM.INV(RAND(),LOOKUP(Q17,Inputs!$J$6:$J$9,Inputs!$G$6:$G$9),LOOKUP(Q17,Inputs!$J$6:$J$9,Inputs!$H$6:$H$9)),Inputs!$B$12),-Inputs!$B$12),NORM.INV(RAND(),LOOKUP(Q17,Inputs!$J$6:$J$9,Inputs!$G$6:$G$9),LOOKUP(Q17,Inputs!$J$6:$J$9,Inputs!$H$6:$H$9))),0),"" ) | H17: =IF($A17<=Inputs!$B$13,IF(3<=Inputs!$B$8,IF(Inputs!$B$12>0,MAX(MIN(NORM.INV(RAND(),LOOKUP(R17,Inputs!$J$6:$J$9,Inputs!$G$6:$G$9),LOOKUP(R17,Inputs!$J$6:$J$9,Inputs!$H$6:$H$9)),Inputs!$B$12),-Inputs!$B$12),NORM.INV(RAND(),LOOKUP(R17,Inputs!$J$6:$J$9,Inputs!$G$6:$G$9),LOOKUP(R17,Inputs!$J$6:$J$9,Inputs!$H$6:$H$9))),0),"" ) | I17: =IF($A17<=Inputs!$B$13,IF(4<=Inputs!$B$8,IF(Inputs!$B$12>0,MAX(MIN(NORM.INV(RAND(),LOOKUP(S17,Inputs!$J$6:$J$9,Inputs!$G$6:$G$9),LOOKUP(S17,Inputs!$J$6:$J$9,Inputs!$H$6:$H$9)),Inputs!$B$12),-Inputs!$B$12),NORM.INV(RAND(),LOOKUP(S17,Inputs!$J$6:$J$9,Inputs!$G$6:$G$9),LOOKUP(S17,Inputs!$J$6:$J$9,Inputs!$H$6:$H$9))),0),"" ) | J17: =IF($A17<=Inputs!$B$13,IF(5<=Inputs!$B$8,IF(Inputs!$B$12>0,MAX(MIN(NORM.INV(RAND(),LOOKUP(T17,Inputs!$J$6:$J$9,Inputs!$G$6:$G$9),LOOKUP(T17,Inputs!$J$6:$J$9,Inputs!$H$6:$H$9)),Inputs!$B$12),-Inputs!$B$12),NORM.INV(RAND(),LOOKUP(T17,Inputs!$J$6:$J$9,Inputs!$G$6:$G$9),LOOKUP(T17,Inputs!$J$6:$J$9,Inputs!$H$6:$H$9))),0),"" ) | K17: =IF($A17<=Inputs!$B$13,IF(6<=Inputs!$B$8,IF(Inputs!$B$12>0,MAX(MIN(NORM.INV(RAND(),LOOKUP(U17,Inputs!$J$6:$J$9,Inputs!$G$6:$G$9),LOOKUP(U17,Inputs!$J$6:$J$9,Inputs!$H$6:$H$9)),Inputs!$B$12),-Inputs!$B$12),NORM.INV(RAND(),LOOKUP(U17,Inputs!$J$6:$J$9,Inputs!$G$6:$G$9),LOOKUP(U17,Inputs!$J$6:$J$9,Inputs!$H$6:$H$9))),0),"" ) | L17: =IF($A17<=Inputs!$B$13,IF(7<=Inputs!$B$8,IF(Inputs!$B$12>0,MAX(MIN(NORM.INV(RAND(),LOOKUP(V17,Inputs!$J$6:$J$9,Inputs!$G$6:$G$9),LOOKUP(V17,Inputs!$J$6:$J$9,Inputs!$H$6:$H$9)),Inputs!$B$12),-Inputs!$B$12),NORM.INV(RAND(),LOOKUP(V17,Inputs!$J$6:$J$9,Inputs!$G$6:$G$9),LOOKUP(V17,Inputs!$J$6:$J$9,Inputs!$H$6:$H$9))),0),"" ) | M17: =COUNTIFS($B$6:$B$5005,">="&K17,$B$6:$B$5005,"<"&L17) | N17: =IF($A17<=Inputs!$B$13,IF(9<=Inputs!$B$8,IF(Inputs!$B$12>0,MAX(MIN(NORM.INV(RAND(),LOOKUP(X17,Inputs!$J$6:$J$9,Inputs!$G$6:$G$9),LOOKUP(X17,Inputs!$J$6:$J$9,Inputs!$H$6:$H$9)),Inputs!$B$12),-Inputs!$B$12),NORM.INV(RAND(),LOOKUP(X17,Inputs!$J$6:$J$9,Inputs!$G$6:$G$9),LOOKUP(X17,Inputs!$J$6:$J$9,Inputs!$H$6:$H$9))),0),"" ) | O17: =IF($A17<=Inputs!$B$13,IF(10<=Inputs!$B$8,IF(Inputs!$B$12>0,MAX(MIN(NORM.INV(RAND(),LOOKUP(Y17,Inputs!$J$6:$J$9,Inputs!$G$6:$G$9),LOOKUP(Y17,Inputs!$J$6:$J$9,Inputs!$H$6:$H$9)),Inputs!$B$12),-Inputs!$B$12),NORM.INV(RAND(),LOOKUP(Y17,Inputs!$J$6:$J$9,Inputs!$G$6:$G$9),LOOKUP(Y17,Inputs!$J$6:$J$9,Inputs!$H$6:$H$9))),0),"" ) | P17: =IF($A17<=Inputs!$B$13,RAND(),"") | Q17: =IF($A17<=Inputs!$B$13,RAND(),"") | R17: =IF($A17<=Inputs!$B$13,RAND(),"") | S17: =IF($A17<=Inputs!$B$13,RAND(),"") | T17: =IF($A17<=Inputs!$B$13,RAND(),"") | U17: =IF($A17<=Inputs!$B$13,RAND(),"") | V17: =IF($A17<=Inputs!$B$13,RAND(),"") | W17: =IF($A17<=Inputs!$B$13,RAND(),"") | ... Y17: =IF($A17<=Inputs!$B$13,RAND(),"")
A18: 13 | B18: =IF($A18<=Inputs!$B$13,IF(Inputs!$B$8>0,SUM(F18:O18)/Inputs!$B$8,0),"") | C18: =IF($A18<=Inputs!$B$13,B18/100,"") | D18: =IF($A18<=Inputs!$B$13,C18*Inputs!$B$7,"") | E18: =IF($A18<=Inputs!$B$13,IF(D18>0,1,0),"") | F18: =IF($A18<=Inputs!$B$13,IF(1<=Inputs!$B$8,IF(Inputs!$B$12>0,MAX(MIN(NORM.INV(RAND(),LOOKUP(P18,Inputs!$J$6:$J$9,Inputs!$G$6:$G$9),LOOKUP(P18,Inputs!$J$6:$J$9,Inputs!$H$6:$H$9)),Inputs!$B$12),-Inputs!$B$12),NORM.INV(RAND(),LOOKUP(P18,Inputs!$J$6:$J$9,Inputs!$G$6:$G$9),LOOKUP(P18,Inputs!$J$6:$J$9,Inputs!$H$6:$H$9))),0),"" ) | G18: =IF($A18<=Inputs!$B$13,IF(2<=Inputs!$B$8,IF(Inputs!$B$12>0,MAX(MIN(NORM.INV(RAND(),LOOKUP(Q18,Inputs!$J$6:$J$9,Inputs!$G$6:$G$9),LOOKUP(Q18,Inputs!$J$6:$J$9,Inputs!$H$6:$H$9)),Inputs!$B$12),-Inputs!$B$12),NORM.INV(RAND(),LOOKUP(Q18,Inputs!$J$6:$J$9,Inputs!$G$6:$G$9),LOOKUP(Q18,Inputs!$J$6:$J$9,Inputs!$H$6:$H$9))),0),"" ) | H18: =IF($A18<=Inputs!$B$13,IF(3<=Inputs!$B$8,IF(Inputs!$B$12>0,MAX(MIN(NORM.INV(RAND(),LOOKUP(R18,Inputs!$J$6:$J$9,Inputs!$G$6:$G$9),LOOKUP(R18,Inputs!$J$6:$J$9,Inputs!$H$6:$H$9)),Inputs!$B$12),-Inputs!$B$12),NORM.INV(RAND(),LOOKUP(R18,Inputs!$J$6:$J$9,Inputs!$G$6:$G$9),LOOKUP(R18,Inputs!$J$6:$J$9,Inputs!$H$6:$H$9))),0),"" ) | I18: =IF($A18<=Inputs!$B$13,IF(4<=Inputs!$B$8,IF(Inputs!$B$12>0,MAX(MIN(NORM.INV(RAND(),LOOKUP(S18,Inputs!$J$6:$J$9,Inputs!$G$6:$G$9),LOOKUP(S18,Inputs!$J$6:$J$9,Inputs!$H$6:$H$9)),Inputs!$B$12),-Inputs!$B$12),NORM.INV(RAND(),LOOKUP(S18,Inputs!$J$6:$J$9,Inputs!$G$6:$G$9),LOOKUP(S18,Inputs!$J$6:$J$9,Inputs!$H$6:$H$9))),0),"" ) | J18: =IF($A18<=Inputs!$B$13,IF(5<=Inputs!$B$8,IF(Inputs!$B$12>0,MAX(MIN(NORM.INV(RAND(),LOOKUP(T18,Inputs!$J$6:$J$9,Inputs!$G$6:$G$9),LOOKUP(T18,Inputs!$J$6:$J$9,Inputs!$H$6:$H$9)),Inputs!$B$12),-Inputs!$B$12),NORM.INV(RAND(),LOOKUP(T18,Inputs!$J$6:$J$9,Inputs!$G$6:$G$9),LOOKUP(T18,Inputs!$J$6:$J$9,Inputs!$H$6:$H$9))),0),"" ) | K18: =IF($A18<=Inputs!$B$13,IF(6<=Inputs!$B$8,IF(Inputs!$B$12>0,MAX(MIN(NORM.INV(RAND(),LOOKUP(U18,Inputs!$J$6:$J$9,Inputs!$G$6:$G$9),LOOKUP(U18,Inputs!$J$6:$J$9,Inputs!$H$6:$H$9)),Inputs!$B$12),-Inputs!$B$12),NORM.INV(RAND(),LOOKUP(U18,Inputs!$J$6:$J$9,Inputs!$G$6:$G$9),LOOKUP(U18,Inputs!$J$6:$J$9,Inputs!$H$6:$H$9))),0),"" ) | L18: =IF($A18<=Inputs!$B$13,IF(7<=Inputs!$B$8,IF(Inputs!$B$12>0,MAX(MIN(NORM.INV(RAND(),LOOKUP(V18,Inputs!$J$6:$J$9,Inputs!$G$6:$G$9),LOOKUP(V18,Inputs!$J$6:$J$9,Inputs!$H$6:$H$9)),Inputs!$B$12),-Inputs!$B$12),NORM.INV(RAND(),LOOKUP(V18,Inputs!$J$6:$J$9,Inputs!$G$6:$G$9),LOOKUP(V18,Inputs!$J$6:$J$9,Inputs!$H$6:$H$9))),0),"" ) | M18: =COUNTIFS($B$6:$B$5005,">="&K18,$B$6:$B$5005,"<"&L18) | N18: =IF($A18<=Inputs!$B$13,IF(9<=Inputs!$B$8,IF(Inputs!$B$12>0,MAX(MIN(NORM.INV(RAND(),LOOKUP(X18,Inputs!$J$6:$J$9,Inputs!$G$6:$G$9),LOOKUP(X18,Inputs!$J$6:$J$9,Inputs!$H$6:$H$9)),Inputs!$B$12),-Inputs!$B$12),NORM.INV(RAND(),LOOKUP(X18,Inputs!$J$6:$J$9,Inputs!$G$6:$G$9),LOOKUP(X18,Inputs!$J$6:$J$9,Inputs!$H$6:$H$9))),0),"" ) | O18: =IF($A18<=Inputs!$B$13,IF(10<=Inputs!$B$8,IF(Inputs!$B$12>0,MAX(MIN(NORM.INV(RAND(),LOOKUP(Y18,Inputs!$J$6:$J$9,Inputs!$G$6:$G$9),LOOKUP(Y18,Inputs!$J$6:$J$9,Inputs!$H$6:$H$9)),Inputs!$B$12),-Inputs!$B$12),NORM.INV(RAND(),LOOKUP(Y18,Inputs!$J$6:$J$9,Inputs!$G$6:$G$9),LOOKUP(Y18,Inputs!$J$6:$J$9,Inputs!$H$6:$H$9))),0),"" ) | P18: =IF($A18<=Inputs!$B$13,RAND(),"") | Q18: =IF($A18<=Inputs!$B$13,RAND(),"") | R18: =IF($A18<=Inputs!$B$13,RAND(),"") | S18: =IF($A18<=Inputs!$B$13,RAND(),"") | T18: =IF($A18<=Inputs!$B$13,RAND(),"") | U18: =IF($A18<=Inputs!$B$13,RAND(),"") | V18: =IF($A18<=Inputs!$B$13,RAND(),"") | W18: =IF($A18<=Inputs!$B$13,RAND(),"") | ... Y18: =IF($A18<=Inputs!$B$13,RAND(),"")
A19: 14 | B19: =IF($A19<=Inputs!$B$13,IF(Inputs!$B$8>0,SUM(F19:O19)/Inputs!$B$8,0),"") | C19: =IF($A19<=Inputs!$B$13,B19/100,"") | D19: =IF($A19<=Inputs!$B$13,C19*Inputs!$B$7,"") | E19: =IF($A19<=Inputs!$B$13,IF(D19>0,1,0),"") | F19: =IF($A19<=Inputs!$B$13,IF(1<=Inputs!$B$8,IF(Inputs!$B$12>0,MAX(MIN(NORM.INV(RAND(),LOOKUP(P19,Inputs!$J$6:$J$9,Inputs!$G$6:$G$9),LOOKUP(P19,Inputs!$J$6:$J$9,Inputs!$H$6:$H$9)),Inputs!$B$12),-Inputs!$B$12),NORM.INV(RAND(),LOOKUP(P19,Inputs!$J$6:$J$9,Inputs!$G$6:$G$9),LOOKUP(P19,Inputs!$J$6:$J$9,Inputs!$H$6:$H$9))),0),"" ) | G19: =IF($A19<=Inputs!$B$13,IF(2<=Inputs!$B$8,IF(Inputs!$B$12>0,MAX(MIN(NORM.INV(RAND(),LOOKUP(Q19,Inputs!$J$6:$J$9,Inputs!$G$6:$G$9),LOOKUP(Q19,Inputs!$J$6:$J$9,Inputs!$H$6:$H$9)),Inputs!$B$12),-Inputs!$B$12),NORM.INV(RAND(),LOOKUP(Q19,Inputs!$J$6:$J$9,Inputs!$G$6:$G$9),LOOKUP(Q19,Inputs!$J$6:$J$9,Inputs!$H$6:$H$9))),0),"" ) | H19: =IF($A19<=Inputs!$B$13,IF(3<=Inputs!$B$8,IF(Inputs!$B$12>0,MAX(MIN(NORM.INV(RAND(),LOOKUP(R19,Inputs!$J$6:$J$9,Inputs!$G$6:$G$9),LOOKUP(R19,Inputs!$J$6:$J$9,Inputs!$H$6:$H$9)),Inputs!$B$12),-Inputs!$B$12),NORM.INV(RAND(),LOOKUP(R19,Inputs!$J$6:$J$9,Inputs!$G$6:$G$9),LOOKUP(R19,Inputs!$J$6:$J$9,Inputs!$H$6:$H$9))),0),"" ) | I19: =IF($A19<=Inputs!$B$13,IF(4<=Inputs!$B$8,IF(Inputs!$B$12>0,MAX(MIN(NORM.INV(RAND(),LOOKUP(S19,Inputs!$J$6:$J$9,Inputs!$G$6:$G$9),LOOKUP(S19,Inputs!$J$6:$J$9,Inputs!$H$6:$H$9)),Inputs!$B$12),-Inputs!$B$12),NORM.INV(RAND(),LOOKUP(S19,Inputs!$J$6:$J$9,Inputs!$G$6:$G$9),LOOKUP(S19,Inputs!$J$6:$J$9,Inputs!$H$6:$H$9))),0),"" ) | J19: =IF($A19<=Inputs!$B$13,IF(5<=Inputs!$B$8,IF(Inputs!$B$12>0,MAX(MIN(NORM.INV(RAND(),LOOKUP(T19,Inputs!$J$6:$J$9,Inputs!$G$6:$G$9),LOOKUP(T19,Inputs!$J$6:$J$9,Inputs!$H$6:$H$9)),Inputs!$B$12),-Inputs!$B$12),NORM.INV(RAND(),LOOKUP(T19,Inputs!$J$6:$J$9,Inputs!$G$6:$G$9),LOOKUP(T19,Inputs!$J$6:$J$9,Inputs!$H$6:$H$9))),0),"" ) | K19: =IF($A19<=Inputs!$B$13,IF(6<=Inputs!$B$8,IF(Inputs!$B$12>0,MAX(MIN(NORM.INV(RAND(),LOOKUP(U19,Inputs!$J$6:$J$9,Inputs!$G$6:$G$9),LOOKUP(U19,Inputs!$J$6:$J$9,Inputs!$H$6:$H$9)),Inputs!$B$12),-Inputs!$B$12),NORM.INV(RAND(),LOOKUP(U19,Inputs!$J$6:$J$9,Inputs!$G$6:$G$9),LOOKUP(U19,Inputs!$J$6:$J$9,Inputs!$H$6:$H$9))),0),"" ) | L19: =IF($A19<=Inputs!$B$13,IF(7<=Inputs!$B$8,IF(Inputs!$B$12>0,MAX(MIN(NORM.INV(RAND(),LOOKUP(V19,Inputs!$J$6:$J$9,Inputs!$G$6:$G$9),LOOKUP(V19,Inputs!$J$6:$J$9,Inputs!$H$6:$H$9)),Inputs!$B$12),-Inputs!$B$12),NORM.INV(RAND(),LOOKUP(V19,Inputs!$J$6:$J$9,Inputs!$G$6:$G$9),LOOKUP(V19,Inputs!$J$6:$J$9,Inputs!$H$6:$H$9))),0),"" ) | M19: =COUNTIFS($B$6:$B$5005,">="&K19,$B$6:$B$5005,"<"&L19) | N19: =IF($A19<=Inputs!$B$13,IF(9<=Inputs!$B$8,IF(Inputs!$B$12>0,MAX(MIN(NORM.INV(RAND(),LOOKUP(X19,Inputs!$J$6:$J$9,Inputs!$G$6:$G$9),LOOKUP(X19,Inputs!$J$6:$J$9,Inputs!$H$6:$H$9)),Inputs!$B$12),-Inputs!$B$12),NORM.INV(RAND(),LOOKUP(X19,Inputs!$J$6:$J$9,Inputs!$G$6:$G$9),LOOKUP(X19,Inputs!$J$6:$J$9,Inputs!$H$6:$H$9))),0),"" ) | O19: =IF($A19<=Inputs!$B$13,IF(10<=Inputs!$B$8,IF(Inputs!$B$12>0,MAX(MIN(NORM.INV(RAND(),LOOKUP(Y19,Inputs!$J$6:$J$9,Inputs!$G$6:$G$9),LOOKUP(Y19,Inputs!$J$6:$J$9,Inputs!$H$6:$H$9)),Inputs!$B$12),-Inputs!$B$12),NORM.INV(RAND(),LOOKUP(Y19,Inputs!$J$6:$J$9,Inputs!$G$6:$G$9),LOOKUP(Y19,Inputs!$J$6:$J$9,Inputs!$H$6:$H$9))),0),"" ) | P19: =IF($A19<=Inputs!$B$13,RAND(),"") | Q19: =IF($A19<=Inputs!$B$13,RAND(),"") | R19: =IF($A19<=Inputs!$B$13,RAND(),"") | S19: =IF($A19<=Inputs!$B$13,RAND(),"") | T19: =IF($A19<=Inputs!$B$13,RAND(),"") | U19: =IF($A19<=Inputs!$B$13,RAND(),"") | V19: =IF($A19<=Inputs!$B$13,RAND(),"") | W19: =IF($A19<=Inputs!$B$13,RAND(),"") | ... Y19: =IF($A19<=Inputs!$B$13,RAND(),"")
A20: 15 | B20: =IF($A20<=Inputs!$B$13,IF(Inputs!$B$8>0,SUM(F20:O20)/Inputs!$B$8,0),"") | C20: =IF($A20<=Inputs!$B$13,B20/100,"") | D20: =IF($A20<=Inputs!$B$13,C20*Inputs!$B$7,"") | E20: =IF($A20<=Inputs!$B$13,IF(D20>0,1,0),"") | F20: =IF($A20<=Inputs!$B$13,IF(1<=Inputs!$B$8,IF(Inputs!$B$12>0,MAX(MIN(NORM.INV(RAND(),LOOKUP(P20,Inputs!$J$6:$J$9,Inputs!$G$6:$G$9),LOOKUP(P20,Inputs!$J$6:$J$9,Inputs!$H$6:$H$9)),Inputs!$B$12),-Inputs!$B$12),NORM.INV(RAND(),LOOKUP(P20,Inputs!$J$6:$J$9,Inputs!$G$6:$G$9),LOOKUP(P20,Inputs!$J$6:$J$9,Inputs!$H$6:$H$9))),0),"" ) | G20: =IF($A20<=Inputs!$B$13,IF(2<=Inputs!$B$8,IF(Inputs!$B$12>0,MAX(MIN(NORM.INV(RAND(),LOOKUP(Q20,Inputs!$J$6:$J$9,Inputs!$G$6:$G$9),LOOKUP(Q20,Inputs!$J$6:$J$9,Inputs!$H$6:$H$9)),Inputs!$B$12),-Inputs!$B$12),NORM.INV(RAND(),LOOKUP(Q20,Inputs!$J$6:$J$9,Inputs!$G$6:$G$9),LOOKUP(Q20,Inputs!$J$6:$J$9,Inputs!$H$6:$H$9))),0),"" ) | H20: =IF($A20<=Inputs!$B$13,IF(3<=Inputs!$B$8,IF(Inputs!$B$12>0,MAX(MIN(NORM.INV(RAND(),LOOKUP(R20,Inputs!$J$6:$J$9,Inputs!$G$6:$G$9),LOOKUP(R20,Inputs!$J$6:$J$9,Inputs!$H$6:$H$9)),Inputs!$B$12),-Inputs!$B$12),NORM.INV(RAND(),LOOKUP(R20,Inputs!$J$6:$J$9,Inputs!$G$6:$G$9),LOOKUP(R20,Inputs!$J$6:$J$9,Inputs!$H$6:$H$9))),0),"" ) | I20: =IF($A20<=Inputs!$B$13,IF(4<=Inputs!$B$8,IF(Inputs!$B$12>0,MAX(MIN(NORM.INV(RAND(),LOOKUP(S20,Inputs!$J$6:$J$9,Inputs!$G$6:$G$9),LOOKUP(S20,Inputs!$J$6:$J$9,Inputs!$H$6:$H$9)),Inputs!$B$12),-Inputs!$B$12),NORM.INV(RAND(),LOOKUP(S20,Inputs!$J$6:$J$9,Inputs!$G$6:$G$9),LOOKUP(S20,Inputs!$J$6:$J$9,Inputs!$H$6:$H$9))),0),"" ) | J20: =IF($A20<=Inputs!$B$13,IF(5<=Inputs!$B$8,IF(Inputs!$B$12>0,MAX(MIN(NORM.INV(RAND(),LOOKUP(T20,Inputs!$J$6:$J$9,Inputs!$G$6:$G$9),LOOKUP(T20,Inputs!$J$6:$J$9,Inputs!$H$6:$H$9)),Inputs!$B$12),-Inputs!$B$12),NORM.INV(RAND(),LOOKUP(T20,Inputs!$J$6:$J$9,Inputs!$G$6:$G$9),LOOKUP(T20,Inputs!$J$6:$J$9,Inputs!$H$6:$H$9))),0),"" ) | K20: =IF($A20<=Inputs!$B$13,IF(6<=Inputs!$B$8,IF(Inputs!$B$12>0,MAX(MIN(NORM.INV(RAND(),LOOKUP(U20,Inputs!$J$6:$J$9,Inputs!$G$6:$G$9),LOOKUP(U20,Inputs!$J$6:$J$9,Inputs!$H$6:$H$9)),Inputs!$B$12),-Inputs!$B$12),NORM.INV(RAND(),LOOKUP(U20,Inputs!$J$6:$J$9,Inputs!$G$6:$G$9),LOOKUP(U20,Inputs!$J$6:$J$9,Inputs!$H$6:$H$9))),0),"" ) | L20: =IF($A20<=Inputs!$B$13,IF(7<=Inputs!$B$8,IF(Inputs!$B$12>0,MAX(MIN(NORM.INV(RAND(),LOOKUP(V20,Inputs!$J$6:$J$9,Inputs!$G$6:$G$9),LOOKUP(V20,Inputs!$J$6:$J$9,Inputs!$H$6:$H$9)),Inputs!$B$12),-Inputs!$B$12),NORM.INV(RAND(),LOOKUP(V20,Inputs!$J$6:$J$9,Inputs!$G$6:$G$9),LOOKUP(V20,Inputs!$J$6:$J$9,Inputs!$H$6:$H$9))),0),"" ) | M20: =COUNTIFS($B$6:$B$5005,">="&K20,$B$6:$B$5005,"<"&L20) | N20: =IF($A20<=Inputs!$B$13,IF(9<=Inputs!$B$8,IF(Inputs!$B$12>0,MAX(MIN(NORM.INV(RAND(),LOOKUP(X20,Inputs!$J$6:$J$9,Inputs!$G$6:$G$9),LOOKUP(X20,Inputs!$J$6:$J$9,Inputs!$H$6:$H$9)),Inputs!$B$12),-Inputs!$B$12),NORM.INV(RAND(),LOOKUP(X20,Inputs!$J$6:$J$9,Inputs!$G$6:$G$9),LOOKUP(X20,Inputs!$J$6:$J$9,Inputs!$H$6:$H$9))),0),"" ) | O20: =IF($A20<=Inputs!$B$13,IF(10<=Inputs!$B$8,IF(Inputs!$B$12>0,MAX(MIN(NORM.INV(RAND(),LOOKUP(Y20,Inputs!$J$6:$J$9,Inputs!$G$6:$G$9),LOOKUP(Y20,Inputs!$J$6:$J$9,Inputs!$H$6:$H$9)),Inputs!$B$12),-Inputs!$B$12),NORM.INV(RAND(),LOOKUP(Y20,Inputs!$J$6:$J$9,Inputs!$G$6:$G$9),LOOKUP(Y20,Inputs!$J$6:$J$9,Inputs!$H$6:$H$9))),0),"" ) | P20: =IF($A20<=Inputs!$B$13,RAND(),"") | Q20: =IF($A20<=Inputs!$B$13,RAND(),"") | R20: =IF($A20<=Inputs!$B$13,RAND(),"") | S20: =IF($A20<=Inputs!$B$13,RAND(),"") | T20: =IF($A20<=Inputs!$B$13,RAND(),"") | U20: =IF($A20<=Inputs!$B$13,RAND(),"") | V20: =IF($A20<=Inputs!$B$13,RAND(),"") | W20: =IF($A20<=Inputs!$B$13,RAND(),"") | ... Y20: =IF($A20<=Inputs!$B$13,RAND(),"")
A21: 16 | B21: =IF($A21<=Inputs!$B$13,IF(Inputs!$B$8>0,SUM(F21:O21)/Inputs!$B$8,0),"") | C21: =IF($A21<=Inputs!$B$13,B21/100,"") | D21: =IF($A21<=Inputs!$B$13,C21*Inputs!$B$7,"") | E21: =IF($A21<=Inputs!$B$13,IF(D21>0,1,0),"") | F21: =IF($A21<=Inputs!$B$13,IF(1<=Inputs!$B$8,IF(Inputs!$B$12>0,MAX(MIN(NORM.INV(RAND(),LOOKUP(P21,Inputs!$J$6:$J$9,Inputs!$G$6:$G$9),LOOKUP(P21,Inputs!$J$6:$J$9,Inputs!$H$6:$H$9)),Inputs!$B$12),-Inputs!$B$12),NORM.INV(RAND(),LOOKUP(P21,Inputs!$J$6:$J$9,Inputs!$G$6:$G$9),LOOKUP(P21,Inputs!$J$6:$J$9,Inputs!$H$6:$H$9))),0),"" ) | G21: =IF($A21<=Inputs!$B$13,IF(2<=Inputs!$B$8,IF(Inputs!$B$12>0,MAX(MIN(NORM.INV(RAND(),LOOKUP(Q21,Inputs!$J$6:$J$9,Inputs!$G$6:$G$9),LOOKUP(Q21,Inputs!$J$6:$J$9,Inputs!$H$6:$H$9)),Inputs!$B$12),-Inputs!$B$12),NORM.INV(RAND(),LOOKUP(Q21,Inputs!$J$6:$J$9,Inputs!$G$6:$G$9),LOOKUP(Q21,Inputs!$J$6:$J$9,Inputs!$H$6:$H$9))),0),"" ) | H21: =IF($A21<=Inputs!$B$13,IF(3<=Inputs!$B$8,IF(Inputs!$B$12>0,MAX(MIN(NORM.INV(RAND(),LOOKUP(R21,Inputs!$J$6:$J$9,Inputs!$G$6:$G$9),LOOKUP(R21,Inputs!$J$6:$J$9,Inputs!$H$6:$H$9)),Inputs!$B$12),-Inputs!$B$12),NORM.INV(RAND(),LOOKUP(R21,Inputs!$J$6:$J$9,Inputs!$G$6:$G$9),LOOKUP(R21,Inputs!$J$6:$J$9,Inputs!$H$6:$H$9))),0),"" ) | I21: =IF($A21<=Inputs!$B$13,IF(4<=Inputs!$B$8,IF(Inputs!$B$12>0,MAX(MIN(NORM.INV(RAND(),LOOKUP(S21,Inputs!$J$6:$J$9,Inputs!$G$6:$G$9),LOOKUP(S21,Inputs!$J$6:$J$9,Inputs!$H$6:$H$9)),Inputs!$B$12),-Inputs!$B$12),NORM.INV(RAND(),LOOKUP(S21,Inputs!$J$6:$J$9,Inputs!$G$6:$G$9),LOOKUP(S21,Inputs!$J$6:$J$9,Inputs!$H$6:$H$9))),0),"" ) | J21: =IF($A21<=Inputs!$B$13,IF(5<=Inputs!$B$8,IF(Inputs!$B$12>0,MAX(MIN(NORM.INV(RAND(),LOOKUP(T21,Inputs!$J$6:$J$9,Inputs!$G$6:$G$9),LOOKUP(T21,Inputs!$J$6:$J$9,Inputs!$H$6:$H$9)),Inputs!$B$12),-Inputs!$B$12),NORM.INV(RAND(),LOOKUP(T21,Inputs!$J$6:$J$9,Inputs!$G$6:$G$9),LOOKUP(T21,Inputs!$J$6:$J$9,Inputs!$H$6:$H$9))),0),"" ) | K21: =IF($A21<=Inputs!$B$13,IF(6<=Inputs!$B$8,IF(Inputs!$B$12>0,MAX(MIN(NORM.INV(RAND(),LOOKUP(U21,Inputs!$J$6:$J$9,Inputs!$G$6:$G$9),LOOKUP(U21,Inputs!$J$6:$J$9,Inputs!$H$6:$H$9)),Inputs!$B$12),-Inputs!$B$12),NORM.INV(RAND(),LOOKUP(U21,Inputs!$J$6:$J$9,Inputs!$G$6:$G$9),LOOKUP(U21,Inputs!$J$6:$J$9,Inputs!$H$6:$H$9))),0),"" ) | L21: =IF($A21<=Inputs!$B$13,IF(7<=Inputs!$B$8,IF(Inputs!$B$12>0,MAX(MIN(NORM.INV(RAND(),LOOKUP(V21,Inputs!$J$6:$J$9,Inputs!$G$6:$G$9),LOOKUP(V21,Inputs!$J$6:$J$9,Inputs!$H$6:$H$9)),Inputs!$B$12),-Inputs!$B$12),NORM.INV(RAND(),LOOKUP(V21,Inputs!$J$6:$J$9,Inputs!$G$6:$G$9),LOOKUP(V21,Inputs!$J$6:$J$9,Inputs!$H$6:$H$9))),0),"" ) | M21: =COUNTIFS($B$6:$B$5005,">="&K21,$B$6:$B$5005,"<"&L21) | N21: =IF($A21<=Inputs!$B$13,IF(9<=Inputs!$B$8,IF(Inputs!$B$12>0,MAX(MIN(NORM.INV(RAND(),LOOKUP(X21,Inputs!$J$6:$J$9,Inputs!$G$6:$G$9),LOOKUP(X21,Inputs!$J$6:$J$9,Inputs!$H$6:$H$9)),Inputs!$B$12),-Inputs!$B$12),NORM.INV(RAND(),LOOKUP(X21,Inputs!$J$6:$J$9,Inputs!$G$6:$G$9),LOOKUP(X21,Inputs!$J$6:$J$9,Inputs!$H$6:$H$9))),0),"" ) | O21: =IF($A21<=Inputs!$B$13,IF(10<=Inputs!$B$8,IF(Inputs!$B$12>0,MAX(MIN(NORM.INV(RAND(),LOOKUP(Y21,Inputs!$J$6:$J$9,Inputs!$G$6:$G$9),LOOKUP(Y21,Inputs!$J$6:$J$9,Inputs!$H$6:$H$9)),Inputs!$B$12),-Inputs!$B$12),NORM.INV(RAND(),LOOKUP(Y21,Inputs!$J$6:$J$9,Inputs!$G$6:$G$9),LOOKUP(Y21,Inputs!$J$6:$J$9,Inputs!$H$6:$H$9))),0),"" ) | P21: =IF($A21<=Inputs!$B$13,RAND(),"") | Q21: =IF($A21<=Inputs!$B$13,RAND(),"") | R21: =IF($A21<=Inputs!$B$13,RAND(),"") | S21: =IF($A21<=Inputs!$B$13,RAND(),"") | T21: =IF($A21<=Inputs!$B$13,RAND(),"") | U21: =IF($A21<=Inputs!$B$13,RAND(),"") | V21: =IF($A21<=Inputs!$B$13,RAND(),"") | W21: =IF($A21<=Inputs!$B$13,RAND(),"") | ... Y21: =IF($A21<=Inputs!$B$13,RAND(),"")
A22: 17 | B22: =IF($A22<=Inputs!$B$13,IF(Inputs!$B$8>0,SUM(F22:O22)/Inputs!$B$8,0),"") | C22: =IF($A22<=Inputs!$B$13,B22/100,"") | D22: =IF($A22<=Inputs!$B$13,C22*Inputs!$B$7,"") | E22: =IF($A22<=Inputs!$B$13,IF(D22>0,1,0),"") | F22: =IF($A22<=Inputs!$B$13,IF(1<=Inputs!$B$8,IF(Inputs!$B$12>0,MAX(MIN(NORM.INV(RAND(),LOOKUP(P22,Inputs!$J$6:$J$9,Inputs!$G$6:$G$9),LOOKUP(P22,Inputs!$J$6:$J$9,Inputs!$H$6:$H$9)),Inputs!$B$12),-Inputs!$B$12),NORM.INV(RAND(),LOOKUP(P22,Inputs!$J$6:$J$9,Inputs!$G$6:$G$9),LOOKUP(P22,Inputs!$J$6:$J$9,Inputs!$H$6:$H$9))),0),"" ) | G22: =IF($A22<=Inputs!$B$13,IF(2<=Inputs!$B$8,IF(Inputs!$B$12>0,MAX(MIN(NORM.INV(RAND(),LOOKUP(Q22,Inputs!$J$6:$J$9,Inputs!$G$6:$G$9),LOOKUP(Q22,Inputs!$J$6:$J$9,Inputs!$H$6:$H$9)),Inputs!$B$12),-Inputs!$B$12),NORM.INV(RAND(),LOOKUP(Q22,Inputs!$J$6:$J$9,Inputs!$G$6:$G$9),LOOKUP(Q22,Inputs!$J$6:$J$9,Inputs!$H$6:$H$9))),0),"" ) | H22: =IF($A22<=Inputs!$B$13,IF(3<=Inputs!$B$8,IF(Inputs!$B$12>0,MAX(MIN(NORM.INV(RAND(),LOOKUP(R22,Inputs!$J$6:$J$9,Inputs!$G$6:$G$9),LOOKUP(R22,Inputs!$J$6:$J$9,Inputs!$H$6:$H$9)),Inputs!$B$12),-Inputs!$B$12),NORM.INV(RAND(),LOOKUP(R22,Inputs!$J$6:$J$9,Inputs!$G$6:$G$9),LOOKUP(R22,Inputs!$J$6:$J$9,Inputs!$H$6:$H$9))),0),"" ) | I22: =IF($A22<=Inputs!$B$13,IF(4<=Inputs!$B$8,IF(Inputs!$B$12>0,MAX(MIN(NORM.INV(RAND(),LOOKUP(S22,Inputs!$J$6:$J$9,Inputs!$G$6:$G$9),LOOKUP(S22,Inputs!$J$6:$J$9,Inputs!$H$6:$H$9)),Inputs!$B$12),-Inputs!$B$12),NORM.INV(RAND(),LOOKUP(S22,Inputs!$J$6:$J$9,Inputs!$G$6:$G$9),LOOKUP(S22,Inputs!$J$6:$J$9,Inputs!$H$6:$H$9))),0),"" ) | J22: =IF($A22<=Inputs!$B$13,IF(5<=Inputs!$B$8,IF(Inputs!$B$12>0,MAX(MIN(NORM.INV(RAND(),LOOKUP(T22,Inputs!$J$6:$J$9,Inputs!$G$6:$G$9),LOOKUP(T22,Inputs!$J$6:$J$9,Inputs!$H$6:$H$9)),Inputs!$B$12),-Inputs!$B$12),NORM.INV(RAND(),LOOKUP(T22,Inputs!$J$6:$J$9,Inputs!$G$6:$G$9),LOOKUP(T22,Inputs!$J$6:$J$9,Inputs!$H$6:$H$9))),0),"" ) | K22: =IF($A22<=Inputs!$B$13,IF(6<=Inputs!$B$8,IF(Inputs!$B$12>0,MAX(MIN(NORM.INV(RAND(),LOOKUP(U22,Inputs!$J$6:$J$9,Inputs!$G$6:$G$9),LOOKUP(U22,Inputs!$J$6:$J$9,Inputs!$H$6:$H$9)),Inputs!$B$12),-Inputs!$B$12),NORM.INV(RAND(),LOOKUP(U22,Inputs!$J$6:$J$9,Inputs!$G$6:$G$9),LOOKUP(U22,Inputs!$J$6:$J$9,Inputs!$H$6:$H$9))),0),"" ) | L22: =IF($A22<=Inputs!$B$13,IF(7<=Inputs!$B$8,IF(Inputs!$B$12>0,MAX(MIN(NORM.INV(RAND(),LOOKUP(V22,Inputs!$J$6:$J$9,Inputs!$G$6:$G$9),LOOKUP(V22,Inputs!$J$6:$J$9,Inputs!$H$6:$H$9)),Inputs!$B$12),-Inputs!$B$12),NORM.INV(RAND(),LOOKUP(V22,Inputs!$J$6:$J$9,Inputs!$G$6:$G$9),LOOKUP(V22,Inputs!$J$6:$J$9,Inputs!$H$6:$H$9))),0),"" ) | M22: =COUNTIFS($B$6:$B$5005,">="&K22,$B$6:$B$5005,"<"&L22) | N22: =IF($A22<=Inputs!$B$13,IF(9<=Inputs!$B$8,IF(Inputs!$B$12>0,MAX(MIN(NORM.INV(RAND(),LOOKUP(X22,Inputs!$J$6:$J$9,Inputs!$G$6:$G$9),LOOKUP(X22,Inputs!$J$6:$J$9,Inputs!$H$6:$H$9)),Inputs!$B$12),-Inputs!$B$12),NORM.INV(RAND(),LOOKUP(X22,Inputs!$J$6:$J$9,Inputs!$G$6:$G$9),LOOKUP(X22,Inputs!$J$6:$J$9,Inputs!$H$6:$H$9))),0),"" ) | O22: =IF($A22<=Inputs!$B$13,IF(10<=Inputs!$B$8,IF(Inputs!$B$12>0,MAX(MIN(NORM.INV(RAND(),LOOKUP(Y22,Inputs!$J$6:$J$9,Inputs!$G$6:$G$9),LOOKUP(Y22,Inputs!$J$6:$J$9,Inputs!$H$6:$H$9)),Inputs!$B$12),-Inputs!$B$12),NORM.INV(RAND(),LOOKUP(Y22,Inputs!$J$6:$J$9,Inputs!$G$6:$G$9),LOOKUP(Y22,Inputs!$J$6:$J$9,Inputs!$H$6:$H$9))),0),"" ) | P22: =IF($A22<=Inputs!$B$13,RAND(),"") | Q22: =IF($A22<=Inputs!$B$13,RAND(),"") | R22: =IF($A22<=Inputs!$B$13,RAND(),"") | S22: =IF($A22<=Inputs!$B$13,RAND(),"") | T22: =IF($A22<=Inputs!$B$13,RAND(),"") | U22: =IF($A22<=Inputs!$B$13,RAND(),"") | V22: =IF($A22<=Inputs!$B$13,RAND(),"") | W22: =IF($A22<=Inputs!$B$13,RAND(),"") | ... Y22: =IF($A22<=Inputs!$B$13,RAND(),"")
A23: 18 | B23: =IF($A23<=Inputs!$B$13,IF(Inputs!$B$8>0,SUM(F23:O23)/Inputs!$B$8,0),"") | C23: =IF($A23<=Inputs!$B$13,B23/100,"") | D23: =IF($A23<=Inputs!$B$13,C23*Inputs!$B$7,"") | E23: =IF($A23<=Inputs!$B$13,IF(D23>0,1,0),"") | F23: =IF($A23<=Inputs!$B$13,IF(1<=Inputs!$B$8,IF(Inputs!$B$12>0,MAX(MIN(NORM.INV(RAND(),LOOKUP(P23,Inputs!$J$6:$J$9,Inputs!$G$6:$G$9),LOOKUP(P23,Inputs!$J$6:$J$9,Inputs!$H$6:$H$9)),Inputs!$B$12),-Inputs!$B$12),NORM.INV(RAND(),LOOKUP(P23,Inputs!$J$6:$J$9,Inputs!$G$6:$G$9),LOOKUP(P23,Inputs!$J$6:$J$9,Inputs!$H$6:$H$9))),0),"" ) | G23: =IF($A23<=Inputs!$B$13,IF(2<=Inputs!$B$8,IF(Inputs!$B$12>0,MAX(MIN(NORM.INV(RAND(),LOOKUP(Q23,Inputs!$J$6:$J$9,Inputs!$G$6:$G$9),LOOKUP(Q23,Inputs!$J$6:$J$9,Inputs!$H$6:$H$9)),Inputs!$B$12),-Inputs!$B$12),NORM.INV(RAND(),LOOKUP(Q23,Inputs!$J$6:$J$9,Inputs!$G$6:$G$9),LOOKUP(Q23,Inputs!$J$6:$J$9,Inputs!$H$6:$H$9))),0),"" ) | H23: =IF($A23<=Inputs!$B$13,IF(3<=Inputs!$B$8,IF(Inputs!$B$12>0,MAX(MIN(NORM.INV(RAND(),LOOKUP(R23,Inputs!$J$6:$J$9,Inputs!$G$6:$G$9),LOOKUP(R23,Inputs!$J$6:$J$9,Inputs!$H$6:$H$9)),Inputs!$B$12),-Inputs!$B$12),NORM.INV(RAND(),LOOKUP(R23,Inputs!$J$6:$J$9,Inputs!$G$6:$G$9),LOOKUP(R23,Inputs!$J$6:$J$9,Inputs!$H$6:$H$9))),0),"" ) | I23: =IF($A23<=Inputs!$B$13,IF(4<=Inputs!$B$8,IF(Inputs!$B$12>0,MAX(MIN(NORM.INV(RAND(),LOOKUP(S23,Inputs!$J$6:$J$9,Inputs!$G$6:$G$9),LOOKUP(S23,Inputs!$J$6:$J$9,Inputs!$H$6:$H$9)),Inputs!$B$12),-Inputs!$B$12),NORM.INV(RAND(),LOOKUP(S23,Inputs!$J$6:$J$9,Inputs!$G$6:$G$9),LOOKUP(S23,Inputs!$J$6:$J$9,Inputs!$H$6:$H$9))),0),"" ) | J23: =IF($A23<=Inputs!$B$13,IF(5<=Inputs!$B$8,IF(Inputs!$B$12>0,MAX(MIN(NORM.INV(RAND(),LOOKUP(T23,Inputs!$J$6:$J$9,Inputs!$G$6:$G$9),LOOKUP(T23,Inputs!$J$6:$J$9,Inputs!$H$6:$H$9)),Inputs!$B$12),-Inputs!$B$12),NORM.INV(RAND(),LOOKUP(T23,Inputs!$J$6:$J$9,Inputs!$G$6:$G$9),LOOKUP(T23,Inputs!$J$6:$J$9,Inputs!$H$6:$H$9))),0),"" ) | K23: =IF($A23<=Inputs!$B$13,IF(6<=Inputs!$B$8,IF(Inputs!$B$12>0,MAX(MIN(NORM.INV(RAND(),LOOKUP(U23,Inputs!$J$6:$J$9,Inputs!$G$6:$G$9),LOOKUP(U23,Inputs!$J$6:$J$9,Inputs!$H$6:$H$9)),Inputs!$B$12),-Inputs!$B$12),NORM.INV(RAND(),LOOKUP(U23,Inputs!$J$6:$J$9,Inputs!$G$6:$G$9),LOOKUP(U23,Inputs!$J$6:$J$9,Inputs!$H$6:$H$9))),0),"" ) | L23: =IF($A23<=Inputs!$B$13,IF(7<=Inputs!$B$8,IF(Inputs!$B$12>0,MAX(MIN(NORM.INV(RAND(),LOOKUP(V23,Inputs!$J$6:$J$9,Inputs!$G$6:$G$9),LOOKUP(V23,Inputs!$J$6:$J$9,Inputs!$H$6:$H$9)),Inputs!$B$12),-Inputs!$B$12),NORM.INV(RAND(),LOOKUP(V23,Inputs!$J$6:$J$9,Inputs!$G$6:$G$9),LOOKUP(V23,Inputs!$J$6:$J$9,Inputs!$H$6:$H$9))),0),"" ) | M23: =COUNTIFS($B$6:$B$5005,">="&K23,$B$6:$B$5005,"<"&L23) | N23: =IF($A23<=Inputs!$B$13,IF(9<=Inputs!$B$8,IF(Inputs!$B$12>0,MAX(MIN(NORM.INV(RAND(),LOOKUP(X23,Inputs!$J$6:$J$9,Inputs!$G$6:$G$9),LOOKUP(X23,Inputs!$J$6:$J$9,Inputs!$H$6:$H$9)),Inputs!$B$12),-Inputs!$B$12),NORM.INV(RAND(),LOOKUP(X23,Inputs!$J$6:$J$9,Inputs!$G$6:$G$9),LOOKUP(X23,Inputs!$J$6:$J$9,Inputs!$H$6:$H$9))),0),"" ) | O23: =IF($A23<=Inputs!$B$13,IF(10<=Inputs!$B$8,IF(Inputs!$B$12>0,MAX(MIN(NORM.INV(RAND(),LOOKUP(Y23,Inputs!$J$6:$J$9,Inputs!$G$6:$G$9),LOOKUP(Y23,Inputs!$J$6:$J$9,Inputs!$H$6:$H$9)),Inputs!$B$12),-Inputs!$B$12),NORM.INV(RAND(),LOOKUP(Y23,Inputs!$J$6:$J$9,Inputs!$G$6:$G$9),LOOKUP(Y23,Inputs!$J$6:$J$9,Inputs!$H$6:$H$9))),0),"" ) | P23: =IF($A23<=Inputs!$B$13,RAND(),"") | Q23: =IF($A23<=Inputs!$B$13,RAND(),"") | R23: =IF($A23<=Inputs!$B$13,RAND(),"") | S23: =IF($A23<=Inputs!$B$13,RAND(),"") | T23: =IF($A23<=Inputs!$B$13,RAND(),"") | U23: =IF($A23<=Inputs!$B$13,RAND(),"") | V23: =IF($A23<=Inputs!$B$13,RAND(),"") | W23: =IF($A23<=Inputs!$B$13,RAND(),"") | ... Y23: =IF($A23<=Inputs!$B$13,RAND(),"")
A24: 19 | B24: =IF($A24<=Inputs!$B$13,IF(Inputs!$B$8>0,SUM(F24:O24)/Inputs!$B$8,0),"") | C24: =IF($A24<=Inputs!$B$13,B24/100,"") | D24: =IF($A24<=Inputs!$B$13,C24*Inputs!$B$7,"") | E24: =IF($A24<=Inputs!$B$13,IF(D24>0,1,0),"") | F24: =IF($A24<=Inputs!$B$13,IF(1<=Inputs!$B$8,IF(Inputs!$B$12>0,MAX(MIN(NORM.INV(RAND(),LOOKUP(P24,Inputs!$J$6:$J$9,Inputs!$G$6:$G$9),LOOKUP(P24,Inputs!$J$6:$J$9,Inputs!$H$6:$H$9)),Inputs!$B$12),-Inputs!$B$12),NORM.INV(RAND(),LOOKUP(P24,Inputs!$J$6:$J$9,Inputs!$G$6:$G$9),LOOKUP(P24,Inputs!$J$6:$J$9,Inputs!$H$6:$H$9))),0),"" ) | G24: =IF($A24<=Inputs!$B$13,IF(2<=Inputs!$B$8,IF(Inputs!$B$12>0,MAX(MIN(NORM.INV(RAND(),LOOKUP(Q24,Inputs!$J$6:$J$9,Inputs!$G$6:$G$9),LOOKUP(Q24,Inputs!$J$6:$J$9,Inputs!$H$6:$H$9)),Inputs!$B$12),-Inputs!$B$12),NORM.INV(RAND(),LOOKUP(Q24,Inputs!$J$6:$J$9,Inputs!$G$6:$G$9),LOOKUP(Q24,Inputs!$J$6:$J$9,Inputs!$H$6:$H$9))),0),"" ) | H24: =IF($A24<=Inputs!$B$13,IF(3<=Inputs!$B$8,IF(Inputs!$B$12>0,MAX(MIN(NORM.INV(RAND(),LOOKUP(R24,Inputs!$J$6:$J$9,Inputs!$G$6:$G$9),LOOKUP(R24,Inputs!$J$6:$J$9,Inputs!$H$6:$H$9)),Inputs!$B$12),-Inputs!$B$12),NORM.INV(RAND(),LOOKUP(R24,Inputs!$J$6:$J$9,Inputs!$G$6:$G$9),LOOKUP(R24,Inputs!$J$6:$J$9,Inputs!$H$6:$H$9))),0),"" ) | I24: =IF($A24<=Inputs!$B$13,IF(4<=Inputs!$B$8,IF(Inputs!$B$12>0,MAX(MIN(NORM.INV(RAND(),LOOKUP(S24,Inputs!$J$6:$J$9,Inputs!$G$6:$G$9),LOOKUP(S24,Inputs!$J$6:$J$9,Inputs!$H$6:$H$9)),Inputs!$B$12),-Inputs!$B$12),NORM.INV(RAND(),LOOKUP(S24,Inputs!$J$6:$J$9,Inputs!$G$6:$G$9),LOOKUP(S24,Inputs!$J$6:$J$9,Inputs!$H$6:$H$9))),0),"" ) | J24: =IF($A24<=Inputs!$B$13,IF(5<=Inputs!$B$8,IF(Inputs!$B$12>0,MAX(MIN(NORM.INV(RAND(),LOOKUP(T24,Inputs!$J$6:$J$9,Inputs!$G$6:$G$9),LOOKUP(T24,Inputs!$J$6:$J$9,Inputs!$H$6:$H$9)),Inputs!$B$12),-Inputs!$B$12),NORM.INV(RAND(),LOOKUP(T24,Inputs!$J$6:$J$9,Inputs!$G$6:$G$9),LOOKUP(T24,Inputs!$J$6:$J$9,Inputs!$H$6:$H$9))),0),"" ) | K24: =IF($A24<=Inputs!$B$13,IF(6<=Inputs!$B$8,IF(Inputs!$B$12>0,MAX(MIN(NORM.INV(RAND(),LOOKUP(U24,Inputs!$J$6:$J$9,Inputs!$G$6:$G$9),LOOKUP(U24,Inputs!$J$6:$J$9,Inputs!$H$6:$H$9)),Inputs!$B$12),-Inputs!$B$12),NORM.INV(RAND(),LOOKUP(U24,Inputs!$J$6:$J$9,Inputs!$G$6:$G$9),LOOKUP(U24,Inputs!$J$6:$J$9,Inputs!$H$6:$H$9))),0),"" ) | L24: =IF($A24<=Inputs!$B$13,IF(7<=Inputs!$B$8,IF(Inputs!$B$12>0,MAX(MIN(NORM.INV(RAND(),LOOKUP(V24,Inputs!$J$6:$J$9,Inputs!$G$6:$G$9),LOOKUP(V24,Inputs!$J$6:$J$9,Inputs!$H$6:$H$9)),Inputs!$B$12),-Inputs!$B$12),NORM.INV(RAND(),LOOKUP(V24,Inputs!$J$6:$J$9,Inputs!$G$6:$G$9),LOOKUP(V24,Inputs!$J$6:$J$9,Inputs!$H$6:$H$9))),0),"" ) | M24: =COUNTIFS($B$6:$B$5005,">="&K24,$B$6:$B$5005,"<"&L24) | N24: =IF($A24<=Inputs!$B$13,IF(9<=Inputs!$B$8,IF(Inputs!$B$12>0,MAX(MIN(NORM.INV(RAND(),LOOKUP(X24,Inputs!$J$6:$J$9,Inputs!$G$6:$G$9),LOOKUP(X24,Inputs!$J$6:$J$9,Inputs!$H$6:$H$9)),Inputs!$B$12),-Inputs!$B$12),NORM.INV(RAND(),LOOKUP(X24,Inputs!$J$6:$J$9,Inputs!$G$6:$G$9),LOOKUP(X24,Inputs!$J$6:$J$9,Inputs!$H$6:$H$9))),0),"" ) | O24: =IF($A24<=Inputs!$B$13,IF(10<=Inputs!$B$8,IF(Inputs!$B$12>0,MAX(MIN(NORM.INV(RAND(),LOOKUP(Y24,Inputs!$J$6:$J$9,Inputs!$G$6:$G$9),LOOKUP(Y24,Inputs!$J$6:$J$9,Inputs!$H$6:$H$9)),Inputs!$B$12),-Inputs!$B$12),NORM.INV(RAND(),LOOKUP(Y24,Inputs!$J$6:$J$9,Inputs!$G$6:$G$9),LOOKUP(Y24,Inputs!$J$6:$J$9,Inputs!$H$6:$H$9))),0),"" ) | P24: =IF($A24<=Inputs!$B$13,RAND(),"") | Q24: =IF($A24<=Inputs!$B$13,RAND(),"") | R24: =IF($A24<=Inputs!$B$13,RAND(),"") | S24: =IF($A24<=Inputs!$B$13,RAND(),"") | T24: =IF($A24<=Inputs!$B$13,RAND(),"") | U24: =IF($A24<=Inputs!$B$13,RAND(),"") | V24: =IF($A24<=Inputs!$B$13,RAND(),"") | W24: =IF($A24<=Inputs!$B$13,RAND(),"") | ... Y24: =IF($A24<=Inputs!$B$13,RAND(),"")
... A98: 93 | B98: =IF($A98<=Inputs!$B$13,IF(Inputs!$B$8>0,SUM(F98:O98)/Inputs!$B$8,0),"") | C98: =IF($A98<=Inputs!$B$13,B98/100,"") | D98: =IF($A98<=Inputs!$B$13,C98*Inputs!$B$7,"") | E98: =IF($A98<=Inputs!$B$13,IF(D98>0,1,0),"") | F98: =IF($A98<=Inputs!$B$13,IF(1<=Inputs!$B$8,IF(Inputs!$B$12>0,MAX(MIN(NORM.INV(RAND(),LOOKUP(P98,Inputs!$J$6:$J$9,Inputs!$G$6:$G$9),LOOKUP(P98,Inputs!$J$6:$J$9,Inputs!$H$6:$H$9)),Inputs!$B$12),-Inputs!$B$12),NORM.INV(RAND(),LOOKUP(P98,Inputs!$J$6:$J$9,Inputs!$G$6:$G$9),LOOKUP(P98,Inputs!$J$6:$J$9,Inputs!$H$6:$H$9))),0),"" ) | G98: =IF($A98<=Inputs!$B$13,IF(2<=Inputs!$B$8,IF(Inputs!$B$12>0,MAX(MIN(NORM.INV(RAND(),LOOKUP(Q98,Inputs!$J$6:$J$9,Inputs!$G$6:$G$9),LOOKUP(Q98,Inputs!$J$6:$J$9,Inputs!$H$6:$H$9)),Inputs!$B$12),-Inputs!$B$12),NORM.INV(RAND(),LOOKUP(Q98,Inputs!$J$6:$J$9,Inputs!$G$6:$G$9),LOOKUP(Q98,Inputs!$J$6:$J$9,Inputs!$H$6:$H$9))),0),"" ) | H98: =IF($A98<=Inputs!$B$13,IF(3<=Inputs!$B$8,IF(Inputs!$B$12>0,MAX(MIN(NORM.INV(RAND(),LOOKUP(R98,Inputs!$J$6:$J$9,Inputs!$G$6:$G$9),LOOKUP(R98,Inputs!$J$6:$J$9,Inputs!$H$6:$H$9)),Inputs!$B$12),-Inputs!$B$12),NORM.INV(RAND(),LOOKUP(R98,Inputs!$J$6:$J$9,Inputs!$G$6:$G$9),LOOKUP(R98,Inputs!$J$6:$J$9,Inputs!$H$6:$H$9))),0),"" ) | I98: =IF($A98<=Inputs!$B$13,IF(4<=Inputs!$B$8,IF(Inputs!$B$12>0,MAX(MIN(NORM.INV(RAND(),LOOKUP(S98,Inputs!$J$6:$J$9,Inputs!$G$6:$G$9),LOOKUP(S98,Inputs!$J$6:$J$9,Inputs!$H$6:$H$9)),Inputs!$B$12),-Inputs!$B$12),NORM.INV(RAND(),LOOKUP(S98,Inputs!$J$6:$J$9,Inputs!$G$6:$G$9),LOOKUP(S98,Inputs!$J$6:$J$9,Inputs!$H$6:$H$9))),0),"" ) | J98: =IF($A98<=Inputs!$B$13,IF(5<=Inputs!$B$8,IF(Inputs!$B$12>0,MAX(MIN(NORM.INV(RAND(),LOOKUP(T98,Inputs!$J$6:$J$9,Inputs!$G$6:$G$9),LOOKUP(T98,Inputs!$J$6:$J$9,Inputs!$H$6:$H$9)),Inputs!$B$12),-Inputs!$B$12),NORM.INV(RAND(),LOOKUP(T98,Inputs!$J$6:$J$9,Inputs!$G$6:$G$9),LOOKUP(T98,Inputs!$J$6:$J$9,Inputs!$H$6:$H$9))),0),"" ) | K98: =IF($A98<=Inputs!$B$13,IF(6<=Inputs!$B$8,IF(Inputs!$B$12>0,MAX(MIN(NORM.INV(RAND(),LOOKUP(U98,Inputs!$J$6:$J$9,Inputs!$G$6:$G$9),LOOKUP(U98,Inputs!$J$6:$J$9,Inputs!$H$6:$H$9)),Inputs!$B$12),-Inputs!$B$12),NORM.INV(RAND(),LOOKUP(U98,Inputs!$J$6:$J$9,Inputs!$G$6:$G$9),LOOKUP(U98,Inputs!$J$6:$J$9,Inputs!$H$6:$H$9))),0),"" ) | L98: =IF($A98<=Inputs!$B$13,IF(7<=Inputs!$B$8,IF(Inputs!$B$12>0,MAX(MIN(NORM.INV(RAND(),LOOKUP(V98,Inputs!$J$6:$J$9,Inputs!$G$6:$G$9),LOOKUP(V98,Inputs!$J$6:$J$9,Inputs!$H$6:$H$9)),Inputs!$B$12),-Inputs!$B$12),NORM.INV(RAND(),LOOKUP(V98,Inputs!$J$6:$J$9,Inputs!$G$6:$G$9),LOOKUP(V98,Inputs!$J$6:$J$9,Inputs!$H$6:$H$9))),0),"" ) | M98: =COUNTIFS($B$6:$B$5005,">="&K98,$B$6:$B$5005,"<"&L98) | N98: =IF($A98<=Inputs!$B$13,IF(9<=Inputs!$B$8,IF(Inputs!$B$12>0,MAX(MIN(NORM.INV(RAND(),LOOKUP(X98,Inputs!$J$6:$J$9,Inputs!$G$6:$G$9),LOOKUP(X98,Inputs!$J$6:$J$9,Inputs!$H$6:$H$9)),Inputs!$B$12),-Inputs!$B$12),NORM.INV(RAND(),LOOKUP(X98,Inputs!$J$6:$J$9,Inputs!$G$6:$G$9),LOOKUP(X98,Inputs!$J$6:$J$9,Inputs!$H$6:$H$9))),0),"" ) | O98: =IF($A98<=Inputs!$B$13,IF(10<=Inputs!$B$8,IF(Inputs!$B$12>0,MAX(MIN(NORM.INV(RAND(),LOOKUP(Y98,Inputs!$J$6:$J$9,Inputs!$G$6:$G$9),LOOKUP(Y98,Inputs!$J$6:$J$9,Inputs!$H$6:$H$9)),Inputs!$B$12),-Inputs!$B$12),NORM.INV(RAND(),LOOKUP(Y98,Inputs!$J$6:$J$9,Inputs!$G$6:$G$9),LOOKUP(Y98,Inputs!$J$6:$J$9,Inputs!$H$6:$H$9))),0),"" ) | P98: =IF($A98<=Inputs!$B$13,RAND(),"") | Q98: =IF($A98<=Inputs!$B$13,RAND(),"") | R98: =IF($A98<=Inputs!$B$13,RAND(),"") | S98: =IF($A98<=Inputs!$B$13,RAND(),"") | T98: =IF($A98<=Inputs!$B$13,RAND(),"") | U98: =IF($A98<=Inputs!$B$13,RAND(),"") | V98: =IF($A98<=Inputs!$B$13,RAND(),"") | W98: =IF($A98<=Inputs!$B$13,RAND(),"") | ... Y98: =IF($A98<=Inputs!$B$13,RAND(),"")
A99: 94 | B99: =IF($A99<=Inputs!$B$13,IF(Inputs!$B$8>0,SUM(F99:O99)/Inputs!$B$8,0),"") | C99: =IF($A99<=Inputs!$B$13,B99/100,"") | D99: =IF($A99<=Inputs!$B$13,C99*Inputs!$B$7,"") | E99: =IF($A99<=Inputs!$B$13,IF(D99>0,1,0),"") | F99: =IF($A99<=Inputs!$B$13,IF(1<=Inputs!$B$8,IF(Inputs!$B$12>0,MAX(MIN(NORM.INV(RAND(),LOOKUP(P99,Inputs!$J$6:$J$9,Inputs!$G$6:$G$9),LOOKUP(P99,Inputs!$J$6:$J$9,Inputs!$H$6:$H$9)),Inputs!$B$12),-Inputs!$B$12),NORM.INV(RAND(),LOOKUP(P99,Inputs!$J$6:$J$9,Inputs!$G$6:$G$9),LOOKUP(P99,Inputs!$J$6:$J$9,Inputs!$H$6:$H$9))),0),"" ) | G99: =IF($A99<=Inputs!$B$13,IF(2<=Inputs!$B$8,IF(Inputs!$B$12>0,MAX(MIN(NORM.INV(RAND(),LOOKUP(Q99,Inputs!$J$6:$J$9,Inputs!$G$6:$G$9),LOOKUP(Q99,Inputs!$J$6:$J$9,Inputs!$H$6:$H$9)),Inputs!$B$12),-Inputs!$B$12),NORM.INV(RAND(),LOOKUP(Q99,Inputs!$J$6:$J$9,Inputs!$G$6:$G$9),LOOKUP(Q99,Inputs!$J$6:$J$9,Inputs!$H$6:$H$9))),0),"" ) | H99: =IF($A99<=Inputs!$B$13,IF(3<=Inputs!$B$8,IF(Inputs!$B$12>0,MAX(MIN(NORM.INV(RAND(),LOOKUP(R99,Inputs!$J$6:$J$9,Inputs!$G$6:$G$9),LOOKUP(R99,Inputs!$J$6:$J$9,Inputs!$H$6:$H$9)),Inputs!$B$12),-Inputs!$B$12),NORM.INV(RAND(),LOOKUP(R99,Inputs!$J$6:$J$9,Inputs!$G$6:$G$9),LOOKUP(R99,Inputs!$J$6:$J$9,Inputs!$H$6:$H$9))),0),"" ) | I99: =IF($A99<=Inputs!$B$13,IF(4<=Inputs!$B$8,IF(Inputs!$B$12>0,MAX(MIN(NORM.INV(RAND(),LOOKUP(S99,Inputs!$J$6:$J$9,Inputs!$G$6:$G$9),LOOKUP(S99,Inputs!$J$6:$J$9,Inputs!$H$6:$H$9)),Inputs!$B$12),-Inputs!$B$12),NORM.INV(RAND(),LOOKUP(S99,Inputs!$J$6:$J$9,Inputs!$G$6:$G$9),LOOKUP(S99,Inputs!$J$6:$J$9,Inputs!$H$6:$H$9))),0),"" ) | J99: =IF($A99<=Inputs!$B$13,IF(5<=Inputs!$B$8,IF(Inputs!$B$12>0,MAX(MIN(NORM.INV(RAND(),LOOKUP(T99,Inputs!$J$6:$J$9,Inputs!$G$6:$G$9),LOOKUP(T99,Inputs!$J$6:$J$9,Inputs!$H$6:$H$9)),Inputs!$B$12),-Inputs!$B$12),NORM.INV(RAND(),LOOKUP(T99,Inputs!$J$6:$J$9,Inputs!$G$6:$G$9),LOOKUP(T99,Inputs!$J$6:$J$9,Inputs!$H$6:$H$9))),0),"" ) | K99: =IF($A99<=Inputs!$B$13,IF(6<=Inputs!$B$8,IF(Inputs!$B$12>0,MAX(MIN(NORM.INV(RAND(),LOOKUP(U99,Inputs!$J$6:$J$9,Inputs!$G$6:$G$9),LOOKUP(U99,Inputs!$J$6:$J$9,Inputs!$H$6:$H$9)),Inputs!$B$12),-Inputs!$B$12),NORM.INV(RAND(),LOOKUP(U99,Inputs!$J$6:$J$9,Inputs!$G$6:$G$9),LOOKUP(U99,Inputs!$J$6:$J$9,Inputs!$H$6:$H$9))),0),"" ) | L99: =IF($A99<=Inputs!$B$13,IF(7<=Inputs!$B$8,IF(Inputs!$B$12>0,MAX(MIN(NORM.INV(RAND(),LOOKUP(V99,Inputs!$J$6:$J$9,Inputs!$G$6:$G$9),LOOKUP(V99,Inputs!$J$6:$J$9,Inputs!$H$6:$H$9)),Inputs!$B$12),-Inputs!$B$12),NORM.INV(RAND(),LOOKUP(V99,Inputs!$J$6:$J$9,Inputs!$G$6:$G$9),LOOKUP(V99,Inputs!$J$6:$J$9,Inputs!$H$6:$H$9))),0),"" ) | M99: =IF($A99<=Inputs!$B$13,IF(8<=Inputs!$B$8,IF(Inputs!$B$12>0,MAX(MIN(NORM.INV(RAND(),LOOKUP(W99,Inputs!$J$6:$J$9,Inputs!$G$6:$G$9),LOOKUP(W99,Inputs!$J$6:$J$9,Inputs!$H$6:$H$9)),Inputs!$B$12),-Inputs!$B$12),NORM.INV(RAND(),LOOKUP(W99,Inputs!$J$6:$J$9,Inputs!$G$6:$G$9),LOOKUP(W99,Inputs!$J$6:$J$9,Inputs!$H$6:$H$9))),0),"" ) | N99: =IF($A99<=Inputs!$B$13,IF(9<=Inputs!$B$8,IF(Inputs!$B$12>0,MAX(MIN(NORM.INV(RAND(),LOOKUP(X99,Inputs!$J$6:$J$9,Inputs!$G$6:$G$9),LOOKUP(X99,Inputs!$J$6:$J$9,Inputs!$H$6:$H$9)),Inputs!$B$12),-Inputs!$B$12),NORM.INV(RAND(),LOOKUP(X99,Inputs!$J$6:$J$9,Inputs!$G$6:$G$9),LOOKUP(X99,Inputs!$J$6:$J$9,Inputs!$H$6:$H$9))),0),"" ) | O99: =IF($A99<=Inputs!$B$13,IF(10<=Inputs!$B$8,IF(Inputs!$B$12>0,MAX(MIN(NORM.INV(RAND(),LOOKUP(Y99,Inputs!$J$6:$J$9,Inputs!$G$6:$G$9),LOOKUP(Y99,Inputs!$J$6:$J$9,Inputs!$H$6:$H$9)),Inputs!$B$12),-Inputs!$B$12),NORM.INV(RAND(),LOOKUP(Y99,Inputs!$J$6:$J$9,Inputs!$G$6:$G$9),LOOKUP(Y99,Inputs!$J$6:$J$9,Inputs!$H$6:$H$9))),0),"" ) | P99: =IF($A99<=Inputs!$B$13,RAND(),"") | Q99: =IF($A99<=Inputs!$B$13,RAND(),"") | R99: =IF($A99<=Inputs!$B$13,RAND(),"") | S99: =IF($A99<=Inputs!$B$13,RAND(),"") | T99: =IF($A99<=Inputs!$B$13,RAND(),"") | U99: =IF($A99<=Inputs!$B$13,RAND(),"") | V99: =IF($A99<=Inputs!$B$13,RAND(),"") | W99: =IF($A99<=Inputs!$B$13,RAND(),"") | ... Y99: =IF($A99<=Inputs!$B$13,RAND(),"")
A100: 95 | B100: =IF($A100<=Inputs!$B$13,IF(Inputs!$B$8>0,SUM(F100:O100)/Inputs!$B$8,0),"") | C100: =IF($A100<=Inputs!$B$13,B100/100,"") | D100: =IF($A100<=Inputs!$B$13,C100*Inputs!$B$7,"") | E100: =IF($A100<=Inputs!$B$13,IF(D100>0,1,0),"") | F100: =IF($A100<=Inputs!$B$13,IF(1<=Inputs!$B$8,IF(Inputs!$B$12>0,MAX(MIN(NORM.INV(RAND(),LOOKUP(P100,Inputs!$J$6:$J$9,Inputs!$G$6:$G$9),LOOKUP(P100,Inputs!$J$6:$J$9,Inputs!$H$6:$H$9)),Inputs!$B$12),-Inputs!$B$12),NORM.INV(RAND(),LOOKUP(P100,Inputs!$J$6:$J$9,Inputs!$G$6:$G$9),LOOKUP(P100,Inputs!$J$6:$J$9,Inputs!$H$6:$H$9))),0),"" ) | G100: =IF($A100<=Inputs!$B$13,IF(2<=Inputs!$B$8,IF(Inputs!$B$12>0,MAX(MIN(NORM.INV(RAND(),LOOKUP(Q100,Inputs!$J$6:$J$9,Inputs!$G$6:$G$9),LOOKUP(Q100,Inputs!$J$6:$J$9,Inputs!$H$6:$H$9)),Inputs!$B$12),-Inputs!$B$12),NORM.INV(RAND(),LOOKUP(Q100,Inputs!$J$6:$J$9,Inputs!$G$6:$G$9),LOOKUP(Q100,Inputs!$J$6:$J$9,Inputs!$H$6:$H$9))),0),"" ) | H100: =IF($A100<=Inputs!$B$13,IF(3<=Inputs!$B$8,IF(Inputs!$B$12>0,MAX(MIN(NORM.INV(RAND(),LOOKUP(R100,Inputs!$J$6:$J$9,Inputs!$G$6:$G$9),LOOKUP(R100,Inputs!$J$6:$J$9,Inputs!$H$6:$H$9)),Inputs!$B$12),-Inputs!$B$12),NORM.INV(RAND(),LOOKUP(R100,Inputs!$J$6:$J$9,Inputs!$G$6:$G$9),LOOKUP(R100,Inputs!$J$6:$J$9,Inputs!$H$6:$H$9))),0),"" ) | I100: =IF($A100<=Inputs!$B$13,IF(4<=Inputs!$B$8,IF(Inputs!$B$12>0,MAX(MIN(NORM.INV(RAND(),LOOKUP(S100,Inputs!$J$6:$J$9,Inputs!$G$6:$G$9),LOOKUP(S100,Inputs!$J$6:$J$9,Inputs!$H$6:$H$9)),Inputs!$B$12),-Inputs!$B$12),NORM.INV(RAND(),LOOKUP(S100,Inputs!$J$6:$J$9,Inputs!$G$6:$G$9),LOOKUP(S100,Inputs!$J$6:$J$9,Inputs!$H$6:$H$9))),0),"" ) | J100: =IF($A100<=Inputs!$B$13,IF(5<=Inputs!$B$8,IF(Inputs!$B$12>0,MAX(MIN(NORM.INV(RAND(),LOOKUP(T100,Inputs!$J$6:$J$9,Inputs!$G$6:$G$9),LOOKUP(T100,Inputs!$J$6:$J$9,Inputs!$H$6:$H$9)),Inputs!$B$12),-Inputs!$B$12),NORM.INV(RAND(),LOOKUP(T100,Inputs!$J$6:$J$9,Inputs!$G$6:$G$9),LOOKUP(T100,Inputs!$J$6:$J$9,Inputs!$H$6:$H$9))),0),"" ) | K100: =IF($A100<=Inputs!$B$13,IF(6<=Inputs!$B$8,IF(Inputs!$B$12>0,MAX(MIN(NORM.INV(RAND(),LOOKUP(U100,Inputs!$J$6:$J$9,Inputs!$G$6:$G$9),LOOKUP(U100,Inputs!$J$6:$J$9,Inputs!$H$6:$H$9)),Inputs!$B$12),-Inputs!$B$12),NORM.INV(RAND(),LOOKUP(U100,Inputs!$J$6:$J$9,Inputs!$G$6:$G$9),LOOKUP(U100,Inputs!$J$6:$J$9,Inputs!$H$6:$H$9))),0),"" ) | L100: =IF($A100<=Inputs!$B$13,IF(7<=Inputs!$B$8,IF(Inputs!$B$12>0,MAX(MIN(NORM.INV(RAND(),LOOKUP(V100,Inputs!$J$6:$J$9,Inputs!$G$6:$G$9),LOOKUP(V100,Inputs!$J$6:$J$9,Inputs!$H$6:$H$9)),Inputs!$B$12),-Inputs!$B$12),NORM.INV(RAND(),LOOKUP(V100,Inputs!$J$6:$J$9,Inputs!$G$6:$G$9),LOOKUP(V100,Inputs!$J$6:$J$9,Inputs!$H$6:$H$9))),0),"" ) | M100: =IF($A100<=Inputs!$B$13,IF(8<=Inputs!$B$8,IF(Inputs!$B$12>0,MAX(MIN(NORM.INV(RAND(),LOOKUP(W100,Inputs!$J$6:$J$9,Inputs!$G$6:$G$9),LOOKUP(W100,Inputs!$J$6:$J$9,Inputs!$H$6:$H$9)),Inputs!$B$12),-Inputs!$B$12),NORM.INV(RAND(),LOOKUP(W100,Inputs!$J$6:$J$9,Inputs!$G$6:$G$9),LOOKUP(W100,Inputs!$J$6:$J$9,Inputs!$H$6:$H$9))),0),"" ) | N100: =IF($A100<=Inputs!$B$13,IF(9<=Inputs!$B$8,IF(Inputs!$B$12>0,MAX(MIN(NORM.INV(RAND(),LOOKUP(X100,Inputs!$J$6:$J$9,Inputs!$G$6:$G$9),LOOKUP(X100,Inputs!$J$6:$J$9,Inputs!$H$6:$H$9)),Inputs!$B$12),-Inputs!$B$12),NORM.INV(RAND(),LOOKUP(X100,Inputs!$J$6:$J$9,Inputs!$G$6:$G$9),LOOKUP(X100,Inputs!$J$6:$J$9,Inputs!$H$6:$H$9))),0),"" ) | O100: =IF($A100<=Inputs!$B$13,IF(10<=Inputs!$B$8,IF(Inputs!$B$12>0,MAX(MIN(NORM.INV(RAND(),LOOKUP(Y100,Inputs!$J$6:$J$9,Inputs!$G$6:$G$9),LOOKUP(Y100,Inputs!$J$6:$J$9,Inputs!$H$6:$H$9)),Inputs!$B$12),-Inputs!$B$12),NORM.INV(RAND(),LOOKUP(Y100,Inputs!$J$6:$J$9,Inputs!$G$6:$G$9),LOOKUP(Y100,Inputs!$J$6:$J$9,Inputs!$H$6:$H$9))),0),"" ) | P100: =IF($A100<=Inputs!$B$13,RAND(),"") | Q100: =IF($A100<=Inputs!$B$13,RAND(),"") | R100: =IF($A100<=Inputs!$B$13,RAND(),"") | S100: =IF($A100<=Inputs!$B$13,RAND(),"") | T100: =IF($A100<=Inputs!$B$13,RAND(),"") | U100: =IF($A100<=Inputs!$B$13,RAND(),"") | V100: =IF($A100<=Inputs!$B$13,RAND(),"") | W100: =IF($A100<=Inputs!$B$13,RAND(),"") | ... Y100: =IF($A100<=Inputs!$B$13,RAND(),"")
A101: 96 | B101: =IF($A101<=Inputs!$B$13,IF(Inputs!$B$8>0,SUM(F101:O101)/Inputs!$B$8,0),"") | C101: =IF($A101<=Inputs!$B$13,B101/100,"") | D101: =IF($A101<=Inputs!$B$13,C101*Inputs!$B$7,"") | E101: =IF($A101<=Inputs!$B$13,IF(D101>0,1,0),"") | F101: =IF($A101<=Inputs!$B$13,IF(1<=Inputs!$B$8,IF(Inputs!$B$12>0,MAX(MIN(NORM.INV(RAND(),LOOKUP(P101,Inputs!$J$6:$J$9,Inputs!$G$6:$G$9),LOOKUP(P101,Inputs!$J$6:$J$9,Inputs!$H$6:$H$9)),Inputs!$B$12),-Inputs!$B$12),NORM.INV(RAND(),LOOKUP(P101,Inputs!$J$6:$J$9,Inputs!$G$6:$G$9),LOOKUP(P101,Inputs!$J$6:$J$9,Inputs!$H$6:$H$9))),0),"" ) | G101: =IF($A101<=Inputs!$B$13,IF(2<=Inputs!$B$8,IF(Inputs!$B$12>0,MAX(MIN(NORM.INV(RAND(),LOOKUP(Q101,Inputs!$J$6:$J$9,Inputs!$G$6:$G$9),LOOKUP(Q101,Inputs!$J$6:$J$9,Inputs!$H$6:$H$9)),Inputs!$B$12),-Inputs!$B$12),NORM.INV(RAND(),LOOKUP(Q101,Inputs!$J$6:$J$9,Inputs!$G$6:$G$9),LOOKUP(Q101,Inputs!$J$6:$J$9,Inputs!$H$6:$H$9))),0),"" ) | H101: =IF($A101<=Inputs!$B$13,IF(3<=Inputs!$B$8,IF(Inputs!$B$12>0,MAX(MIN(NORM.INV(RAND(),LOOKUP(R101,Inputs!$J$6:$J$9,Inputs!$G$6:$G$9),LOOKUP(R101,Inputs!$J$6:$J$9,Inputs!$H$6:$H$9)),Inputs!$B$12),-Inputs!$B$12),NORM.INV(RAND(),LOOKUP(R101,Inputs!$J$6:$J$9,Inputs!$G$6:$G$9),LOOKUP(R101,Inputs!$J$6:$J$9,Inputs!$H$6:$H$9))),0),"" ) | I101: =IF($A101<=Inputs!$B$13,IF(4<=Inputs!$B$8,IF(Inputs!$B$12>0,MAX(MIN(NORM.INV(RAND(),LOOKUP(S101,Inputs!$J$6:$J$9,Inputs!$G$6:$G$9),LOOKUP(S101,Inputs!$J$6:$J$9,Inputs!$H$6:$H$9)),Inputs!$B$12),-Inputs!$B$12),NORM.INV(RAND(),LOOKUP(S101,Inputs!$J$6:$J$9,Inputs!$G$6:$G$9),LOOKUP(S101,Inputs!$J$6:$J$9,Inputs!$H$6:$H$9))),0),"" ) | J101: =IF($A101<=Inputs!$B$13,IF(5<=Inputs!$B$8,IF(Inputs!$B$12>0,MAX(MIN(NORM.INV(RAND(),LOOKUP(T101,Inputs!$J$6:$J$9,Inputs!$G$6:$G$9),LOOKUP(T101,Inputs!$J$6:$J$9,Inputs!$H$6:$H$9)),Inputs!$B$12),-Inputs!$B$12),NORM.INV(RAND(),LOOKUP(T101,Inputs!$J$6:$J$9,Inputs!$G$6:$G$9),LOOKUP(T101,Inputs!$J$6:$J$9,Inputs!$H$6:$H$9))),0),"" ) | K101: =IF($A101<=Inputs!$B$13,IF(6<=Inputs!$B$8,IF(Inputs!$B$12>0,MAX(MIN(NORM.INV(RAND(),LOOKUP(U101,Inputs!$J$6:$J$9,Inputs!$G$6:$G$9),LOOKUP(U101,Inputs!$J$6:$J$9,Inputs!$H$6:$H$9)),Inputs!$B$12),-Inputs!$B$12),NORM.INV(RAND(),LOOKUP(U101,Inputs!$J$6:$J$9,Inputs!$G$6:$G$9),LOOKUP(U101,Inputs!$J$6:$J$9,Inputs!$H$6:$H$9))),0),"" ) | L101: =IF($A101<=Inputs!$B$13,IF(7<=Inputs!$B$8,IF(Inputs!$B$12>0,MAX(MIN(NORM.INV(RAND(),LOOKUP(V101,Inputs!$J$6:$J$9,Inputs!$G$6:$G$9),LOOKUP(V101,Inputs!$J$6:$J$9,Inputs!$H$6:$H$9)),Inputs!$B$12),-Inputs!$B$12),NORM.INV(RAND(),LOOKUP(V101,Inputs!$J$6:$J$9,Inputs!$G$6:$G$9),LOOKUP(V101,Inputs!$J$6:$J$9,Inputs!$H$6:$H$9))),0),"" ) | M101: =IF($A101<=Inputs!$B$13,IF(8<=Inputs!$B$8,IF(Inputs!$B$12>0,MAX(MIN(NORM.INV(RAND(),LOOKUP(W101,Inputs!$J$6:$J$9,Inputs!$G$6:$G$9),LOOKUP(W101,Inputs!$J$6:$J$9,Inputs!$H$6:$H$9)),Inputs!$B$12),-Inputs!$B$12),NORM.INV(RAND(),LOOKUP(W101,Inputs!$J$6:$J$9,Inputs!$G$6:$G$9),LOOKUP(W101,Inputs!$J$6:$J$9,Inputs!$H$6:$H$9))),0),"" ) | N101: =IF($A101<=Inputs!$B$13,IF(9<=Inputs!$B$8,IF(Inputs!$B$12>0,MAX(MIN(NORM.INV(RAND(),LOOKUP(X101,Inputs!$J$6:$J$9,Inputs!$G$6:$G$9),LOOKUP(X101,Inputs!$J$6:$J$9,Inputs!$H$6:$H$9)),Inputs!$B$12),-Inputs!$B$12),NORM.INV(RAND(),LOOKUP(X101,Inputs!$J$6:$J$9,Inputs!$G$6:$G$9),LOOKUP(X101,Inputs!$J$6:$J$9,Inputs!$H$6:$H$9))),0),"" ) | O101: =IF($A101<=Inputs!$B$13,IF(10<=Inputs!$B$8,IF(Inputs!$B$12>0,MAX(MIN(NORM.INV(RAND(),LOOKUP(Y101,Inputs!$J$6:$J$9,Inputs!$G$6:$G$9),LOOKUP(Y101,Inputs!$J$6:$J$9,Inputs!$H$6:$H$9)),Inputs!$B$12),-Inputs!$B$12),NORM.INV(RAND(),LOOKUP(Y101,Inputs!$J$6:$J$9,Inputs!$G$6:$G$9),LOOKUP(Y101,Inputs!$J$6:$J$9,Inputs!$H$6:$H$9))),0),"" ) | P101: =IF($A101<=Inputs!$B$13,RAND(),"") | Q101: =IF($A101<=Inputs!$B$13,RAND(),"") | R101: =IF($A101<=Inputs!$B$13,RAND(),"") | S101: =IF($A101<=Inputs!$B$13,RAND(),"") | T101: =IF($A101<=Inputs!$B$13,RAND(),"") | U101: =IF($A101<=Inputs!$B$13,RAND(),"") | V101: =IF($A101<=Inputs!$B$13,RAND(),"") | W101: =IF($A101<=Inputs!$B$13,RAND(),"") | ... Y101: =IF($A101<=Inputs!$B$13,RAND(),"")
A102: 97 | B102: =IF($A102<=Inputs!$B$13,IF(Inputs!$B$8>0,SUM(F102:O102)/Inputs!$B$8,0),"") | C102: =IF($A102<=Inputs!$B$13,B102/100,"") | D102: =IF($A102<=Inputs!$B$13,C102*Inputs!$B$7,"") | E102: =IF($A102<=Inputs!$B$13,IF(D102>0,1,0),"") | F102: =IF($A102<=Inputs!$B$13,IF(1<=Inputs!$B$8,IF(Inputs!$B$12>0,MAX(MIN(NORM.INV(RAND(),LOOKUP(P102,Inputs!$J$6:$J$9,Inputs!$G$6:$G$9),LOOKUP(P102,Inputs!$J$6:$J$9,Inputs!$H$6:$H$9)),Inputs!$B$12),-Inputs!$B$12),NORM.INV(RAND(),LOOKUP(P102,Inputs!$J$6:$J$9,Inputs!$G$6:$G$9),LOOKUP(P102,Inputs!$J$6:$J$9,Inputs!$H$6:$H$9))),0),"" ) | G102: =IF($A102<=Inputs!$B$13,IF(2<=Inputs!$B$8,IF(Inputs!$B$12>0,MAX(MIN(NORM.INV(RAND(),LOOKUP(Q102,Inputs!$J$6:$J$9,Inputs!$G$6:$G$9),LOOKUP(Q102,Inputs!$J$6:$J$9,Inputs!$H$6:$H$9)),Inputs!$B$12),-Inputs!$B$12),NORM.INV(RAND(),LOOKUP(Q102,Inputs!$J$6:$J$9,Inputs!$G$6:$G$9),LOOKUP(Q102,Inputs!$J$6:$J$9,Inputs!$H$6:$H$9))),0),"" ) | H102: =IF($A102<=Inputs!$B$13,IF(3<=Inputs!$B$8,IF(Inputs!$B$12>0,MAX(MIN(NORM.INV(RAND(),LOOKUP(R102,Inputs!$J$6:$J$9,Inputs!$G$6:$G$9),LOOKUP(R102,Inputs!$J$6:$J$9,Inputs!$H$6:$H$9)),Inputs!$B$12),-Inputs!$B$12),NORM.INV(RAND(),LOOKUP(R102,Inputs!$J$6:$J$9,Inputs!$G$6:$G$9),LOOKUP(R102,Inputs!$J$6:$J$9,Inputs!$H$6:$H$9))),0),"" ) | I102: =IF($A102<=Inputs!$B$13,IF(4<=Inputs!$B$8,IF(Inputs!$B$12>0,MAX(MIN(NORM.INV(RAND(),LOOKUP(S102,Inputs!$J$6:$J$9,Inputs!$G$6:$G$9),LOOKUP(S102,Inputs!$J$6:$J$9,Inputs!$H$6:$H$9)),Inputs!$B$12),-Inputs!$B$12),NORM.INV(RAND(),LOOKUP(S102,Inputs!$J$6:$J$9,Inputs!$G$6:$G$9),LOOKUP(S102,Inputs!$J$6:$J$9,Inputs!$H$6:$H$9))),0),"" ) | J102: =IF($A102<=Inputs!$B$13,IF(5<=Inputs!$B$8,IF(Inputs!$B$12>0,MAX(MIN(NORM.INV(RAND(),LOOKUP(T102,Inputs!$J$6:$J$9,Inputs!$G$6:$G$9),LOOKUP(T102,Inputs!$J$6:$J$9,Inputs!$H$6:$H$9)),Inputs!$B$12),-Inputs!$B$12),NORM.INV(RAND(),LOOKUP(T102,Inputs!$J$6:$J$9,Inputs!$G$6:$G$9),LOOKUP(T102,Inputs!$J$6:$J$9,Inputs!$H$6:$H$9))),0),"" ) | K102: =IF($A102<=Inputs!$B$13,IF(6<=Inputs!$B$8,IF(Inputs!$B$12>0,MAX(MIN(NORM.INV(RAND(),LOOKUP(U102,Inputs!$J$6:$J$9,Inputs!$G$6:$G$9),LOOKUP(U102,Inputs!$J$6:$J$9,Inputs!$H$6:$H$9)),Inputs!$B$12),-Inputs!$B$12),NORM.INV(RAND(),LOOKUP(U102,Inputs!$J$6:$J$9,Inputs!$G$6:$G$9),LOOKUP(U102,Inputs!$J$6:$J$9,Inputs!$H$6:$H$9))),0),"" ) | L102: =IF($A102<=Inputs!$B$13,IF(7<=Inputs!$B$8,IF(Inputs!$B$12>0,MAX(MIN(NORM.INV(RAND(),LOOKUP(V102,Inputs!$J$6:$J$9,Inputs!$G$6:$G$9),LOOKUP(V102,Inputs!$J$6:$J$9,Inputs!$H$6:$H$9)),Inputs!$B$12),-Inputs!$B$12),NORM.INV(RAND(),LOOKUP(V102,Inputs!$J$6:$J$9,Inputs!$G$6:$G$9),LOOKUP(V102,Inputs!$J$6:$J$9,Inputs!$H$6:$H$9))),0),"" ) | M102: =IF($A102<=Inputs!$B$13,IF(8<=Inputs!$B$8,IF(Inputs!$B$12>0,MAX(MIN(NORM.INV(RAND(),LOOKUP(W102,Inputs!$J$6:$J$9,Inputs!$G$6:$G$9),LOOKUP(W102,Inputs!$J$6:$J$9,Inputs!$H$6:$H$9)),Inputs!$B$12),-Inputs!$B$12),NORM.INV(RAND(),LOOKUP(W102,Inputs!$J$6:$J$9,Inputs!$G$6:$G$9),LOOKUP(W102,Inputs!$J$6:$J$9,Inputs!$H$6:$H$9))),0),"" ) | N102: =IF($A102<=Inputs!$B$13,IF(9<=Inputs!$B$8,IF(Inputs!$B$12>0,MAX(MIN(NORM.INV(RAND(),LOOKUP(X102,Inputs!$J$6:$J$9,Inputs!$G$6:$G$9),LOOKUP(X102,Inputs!$J$6:$J$9,Inputs!$H$6:$H$9)),Inputs!$B$12),-Inputs!$B$12),NORM.INV(RAND(),LOOKUP(X102,Inputs!$J$6:$J$9,Inputs!$G$6:$G$9),LOOKUP(X102,Inputs!$J$6:$J$9,Inputs!$H$6:$H$9))),0),"" ) | O102: =IF($A102<=Inputs!$B$13,IF(10<=Inputs!$B$8,IF(Inputs!$B$12>0,MAX(MIN(NORM.INV(RAND(),LOOKUP(Y102,Inputs!$J$6:$J$9,Inputs!$G$6:$G$9),LOOKUP(Y102,Inputs!$J$6:$J$9,Inputs!$H$6:$H$9)),Inputs!$B$12),-Inputs!$B$12),NORM.INV(RAND(),LOOKUP(Y102,Inputs!$J$6:$J$9,Inputs!$G$6:$G$9),LOOKUP(Y102,Inputs!$J$6:$J$9,Inputs!$H$6:$H$9))),0),"" ) | P102: =IF($A102<=Inputs!$B$13,RAND(),"") | Q102: =IF($A102<=Inputs!$B$13,RAND(),"") | R102: =IF($A102<=Inputs!$B$13,RAND(),"") | S102: =IF($A102<=Inputs!$B$13,RAND(),"") | T102: =IF($A102<=Inputs!$B$13,RAND(),"") | U102: =IF($A102<=Inputs!$B$13,RAND(),"") | V102: =IF($A102<=Inputs!$B$13,RAND(),"") | W102: =IF($A102<=Inputs!$B$13,RAND(),"") | ... Y102: =IF($A102<=Inputs!$B$13,RAND(),"")
A103: 98 | B103: =IF($A103<=Inputs!$B$13,IF(Inputs!$B$8>0,SUM(F103:O103)/Inputs!$B$8,0),"") | C103: =IF($A103<=Inputs!$B$13,B103/100,"") | D103: =IF($A103<=Inputs!$B$13,C103*Inputs!$B$7,"") | E103: =IF($A103<=Inputs!$B$13,IF(D103>0,1,0),"") | F103: =IF($A103<=Inputs!$B$13,IF(1<=Inputs!$B$8,IF(Inputs!$B$12>0,MAX(MIN(NORM.INV(RAND(),LOOKUP(P103,Inputs!$J$6:$J$9,Inputs!$G$6:$G$9),LOOKUP(P103,Inputs!$J$6:$J$9,Inputs!$H$6:$H$9)),Inputs!$B$12),-Inputs!$B$12),NORM.INV(RAND(),LOOKUP(P103,Inputs!$J$6:$J$9,Inputs!$G$6:$G$9),LOOKUP(P103,Inputs!$J$6:$J$9,Inputs!$H$6:$H$9))),0),"" ) | G103: =IF($A103<=Inputs!$B$13,IF(2<=Inputs!$B$8,IF(Inputs!$B$12>0,MAX(MIN(NORM.INV(RAND(),LOOKUP(Q103,Inputs!$J$6:$J$9,Inputs!$G$6:$G$9),LOOKUP(Q103,Inputs!$J$6:$J$9,Inputs!$H$6:$H$9)),Inputs!$B$12),-Inputs!$B$12),NORM.INV(RAND(),LOOKUP(Q103,Inputs!$J$6:$J$9,Inputs!$G$6:$G$9),LOOKUP(Q103,Inputs!$J$6:$J$9,Inputs!$H$6:$H$9))),0),"" ) | H103: =IF($A103<=Inputs!$B$13,IF(3<=Inputs!$B$8,IF(Inputs!$B$12>0,MAX(MIN(NORM.INV(RAND(),LOOKUP(R103,Inputs!$J$6:$J$9,Inputs!$G$6:$G$9),LOOKUP(R103,Inputs!$J$6:$J$9,Inputs!$H$6:$H$9)),Inputs!$B$12),-Inputs!$B$12),NORM.INV(RAND(),LOOKUP(R103,Inputs!$J$6:$J$9,Inputs!$G$6:$G$9),LOOKUP(R103,Inputs!$J$6:$J$9,Inputs!$H$6:$H$9))),0),"" ) | I103: =IF($A103<=Inputs!$B$13,IF(4<=Inputs!$B$8,IF(Inputs!$B$12>0,MAX(MIN(NORM.INV(RAND(),LOOKUP(S103,Inputs!$J$6:$J$9,Inputs!$G$6:$G$9),LOOKUP(S103,Inputs!$J$6:$J$9,Inputs!$H$6:$H$9)),Inputs!$B$12),-Inputs!$B$12),NORM.INV(RAND(),LOOKUP(S103,Inputs!$J$6:$J$9,Inputs!$G$6:$G$9),LOOKUP(S103,Inputs!$J$6:$J$9,Inputs!$H$6:$H$9))),0),"" ) | J103: =IF($A103<=Inputs!$B$13,IF(5<=Inputs!$B$8,IF(Inputs!$B$12>0,MAX(MIN(NORM.INV(RAND(),LOOKUP(T103,Inputs!$J$6:$J$9,Inputs!$G$6:$G$9),LOOKUP(T103,Inputs!$J$6:$J$9,Inputs!$H$6:$H$9)),Inputs!$B$12),-Inputs!$B$12),NORM.INV(RAND(),LOOKUP(T103,Inputs!$J$6:$J$9,Inputs!$G$6:$G$9),LOOKUP(T103,Inputs!$J$6:$J$9,Inputs!$H$6:$H$9))),0),"" ) | K103: =IF($A103<=Inputs!$B$13,IF(6<=Inputs!$B$8,IF(Inputs!$B$12>0,MAX(MIN(NORM.INV(RAND(),LOOKUP(U103,Inputs!$J$6:$J$9,Inputs!$G$6:$G$9),LOOKUP(U103,Inputs!$J$6:$J$9,Inputs!$H$6:$H$9)),Inputs!$B$12),-Inputs!$B$12),NORM.INV(RAND(),LOOKUP(U103,Inputs!$J$6:$J$9,Inputs!$G$6:$G$9),LOOKUP(U103,Inputs!$J$6:$J$9,Inputs!$H$6:$H$9))),0),"" ) | L103: =IF($A103<=Inputs!$B$13,IF(7<=Inputs!$B$8,IF(Inputs!$B$12>0,MAX(MIN(NORM.INV(RAND(),LOOKUP(V103,Inputs!$J$6:$J$9,Inputs!$G$6:$G$9),LOOKUP(V103,Inputs!$J$6:$J$9,Inputs!$H$6:$H$9)),Inputs!$B$12),-Inputs!$B$12),NORM.INV(RAND(),LOOKUP(V103,Inputs!$J$6:$J$9,Inputs!$G$6:$G$9),LOOKUP(V103,Inputs!$J$6:$J$9,Inputs!$H$6:$H$9))),0),"" ) | M103: =IF($A103<=Inputs!$B$13,IF(8<=Inputs!$B$8,IF(Inputs!$B$12>0,MAX(MIN(NORM.INV(RAND(),LOOKUP(W103,Inputs!$J$6:$J$9,Inputs!$G$6:$G$9),LOOKUP(W103,Inputs!$J$6:$J$9,Inputs!$H$6:$H$9)),Inputs!$B$12),-Inputs!$B$12),NORM.INV(RAND(),LOOKUP(W103,Inputs!$J$6:$J$9,Inputs!$G$6:$G$9),LOOKUP(W103,Inputs!$J$6:$J$9,Inputs!$H$6:$H$9))),0),"" ) | N103: =IF($A103<=Inputs!$B$13,IF(9<=Inputs!$B$8,IF(Inputs!$B$12>0,MAX(MIN(NORM.INV(RAND(),LOOKUP(X103,Inputs!$J$6:$J$9,Inputs!$G$6:$G$9),LOOKUP(X103,Inputs!$J$6:$J$9,Inputs!$H$6:$H$9)),Inputs!$B$12),-Inputs!$B$12),NORM.INV(RAND(),LOOKUP(X103,Inputs!$J$6:$J$9,Inputs!$G$6:$G$9),LOOKUP(X103,Inputs!$J$6:$J$9,Inputs!$H$6:$H$9))),0),"" ) | O103: =IF($A103<=Inputs!$B$13,IF(10<=Inputs!$B$8,IF(Inputs!$B$12>0,MAX(MIN(NORM.INV(RAND(),LOOKUP(Y103,Inputs!$J$6:$J$9,Inputs!$G$6:$G$9),LOOKUP(Y103,Inputs!$J$6:$J$9,Inputs!$H$6:$H$9)),Inputs!$B$12),-Inputs!$B$12),NORM.INV(RAND(),LOOKUP(Y103,Inputs!$J$6:$J$9,Inputs!$G$6:$G$9),LOOKUP(Y103,Inputs!$J$6:$J$9,Inputs!$H$6:$H$9))),0),"" ) | P103: =IF($A103<=Inputs!$B$13,RAND(),"") | Q103: =IF($A103<=Inputs!$B$13,RAND(),"") | R103: =IF($A103<=Inputs!$B$13,RAND(),"") | S103: =IF($A103<=Inputs!$B$13,RAND(),"") | T103: =IF($A103<=Inputs!$B$13,RAND(),"") | U103: =IF($A103<=Inputs!$B$13,RAND(),"") | V103: =IF($A103<=Inputs!$B$13,RAND(),"") | W103: =IF($A103<=Inputs!$B$13,RAND(),"") | ... Y103: =IF($A103<=Inputs!$B$13,RAND(),"")
A104: 99 | B104: =IF($A104<=Inputs!$B$13,IF(Inputs!$B$8>0,SUM(F104:O104)/Inputs!$B$8,0),"") | C104: =IF($A104<=Inputs!$B$13,B104/100,"") | D104: =IF($A104<=Inputs!$B$13,C104*Inputs!$B$7,"") | E104: =IF($A104<=Inputs!$B$13,IF(D104>0,1,0),"") | F104: =IF($A104<=Inputs!$B$13,IF(1<=Inputs!$B$8,IF(Inputs!$B$12>0,MAX(MIN(NORM.INV(RAND(),LOOKUP(P104,Inputs!$J$6:$J$9,Inputs!$G$6:$G$9),LOOKUP(P104,Inputs!$J$6:$J$9,Inputs!$H$6:$H$9)),Inputs!$B$12),-Inputs!$B$12),NORM.INV(RAND(),LOOKUP(P104,Inputs!$J$6:$J$9,Inputs!$G$6:$G$9),LOOKUP(P104,Inputs!$J$6:$J$9,Inputs!$H$6:$H$9))),0),"" ) | G104: =IF($A104<=Inputs!$B$13,IF(2<=Inputs!$B$8,IF(Inputs!$B$12>0,MAX(MIN(NORM.INV(RAND(),LOOKUP(Q104,Inputs!$J$6:$J$9,Inputs!$G$6:$G$9),LOOKUP(Q104,Inputs!$J$6:$J$9,Inputs!$H$6:$H$9)),Inputs!$B$12),-Inputs!$B$12),NORM.INV(RAND(),LOOKUP(Q104,Inputs!$J$6:$J$9,Inputs!$G$6:$G$9),LOOKUP(Q104,Inputs!$J$6:$J$9,Inputs!$H$6:$H$9))),0),"" ) | H104: =IF($A104<=Inputs!$B$13,IF(3<=Inputs!$B$8,IF(Inputs!$B$12>0,MAX(MIN(NORM.INV(RAND(),LOOKUP(R104,Inputs!$J$6:$J$9,Inputs!$G$6:$G$9),LOOKUP(R104,Inputs!$J$6:$J$9,Inputs!$H$6:$H$9)),Inputs!$B$12),-Inputs!$B$12),NORM.INV(RAND(),LOOKUP(R104,Inputs!$J$6:$J$9,Inputs!$G$6:$G$9),LOOKUP(R104,Inputs!$J$6:$J$9,Inputs!$H$6:$H$9))),0),"" ) | I104: =IF($A104<=Inputs!$B$13,IF(4<=Inputs!$B$8,IF(Inputs!$B$12>0,MAX(MIN(NORM.INV(RAND(),LOOKUP(S104,Inputs!$J$6:$J$9,Inputs!$G$6:$G$9),LOOKUP(S104,Inputs!$J$6:$J$9,Inputs!$H$6:$H$9)),Inputs!$B$12),-Inputs!$B$12),NORM.INV(RAND(),LOOKUP(S104,Inputs!$J$6:$J$9,Inputs!$G$6:$G$9),LOOKUP(S104,Inputs!$J$6:$J$9,Inputs!$H$6:$H$9))),0),"" ) | J104: =IF($A104<=Inputs!$B$13,IF(5<=Inputs!$B$8,IF(Inputs!$B$12>0,MAX(MIN(NORM.INV(RAND(),LOOKUP(T104,Inputs!$J$6:$J$9,Inputs!$G$6:$G$9),LOOKUP(T104,Inputs!$J$6:$J$9,Inputs!$H$6:$H$9)),Inputs!$B$12),-Inputs!$B$12),NORM.INV(RAND(),LOOKUP(T104,Inputs!$J$6:$J$9,Inputs!$G$6:$G$9),LOOKUP(T104,Inputs!$J$6:$J$9,Inputs!$H$6:$H$9))),0),"" ) | K104: =IF($A104<=Inputs!$B$13,IF(6<=Inputs!$B$8,IF(Inputs!$B$12>0,MAX(MIN(NORM.INV(RAND(),LOOKUP(U104,Inputs!$J$6:$J$9,Inputs!$G$6:$G$9),LOOKUP(U104,Inputs!$J$6:$J$9,Inputs!$H$6:$H$9)),Inputs!$B$12),-Inputs!$B$12),NORM.INV(RAND(),LOOKUP(U104,Inputs!$J$6:$J$9,Inputs!$G$6:$G$9),LOOKUP(U104,Inputs!$J$6:$J$9,Inputs!$H$6:$H$9))),0),"" ) | L104: =IF($A104<=Inputs!$B$13,IF(7<=Inputs!$B$8,IF(Inputs!$B$12>0,MAX(MIN(NORM.INV(RAND(),LOOKUP(V104,Inputs!$J$6:$J$9,Inputs!$G$6:$G$9),LOOKUP(V104,Inputs!$J$6:$J$9,Inputs!$H$6:$H$9)),Inputs!$B$12),-Inputs!$B$12),NORM.INV(RAND(),LOOKUP(V104,Inputs!$J$6:$J$9,Inputs!$G$6:$G$9),LOOKUP(V104,Inputs!$J$6:$J$9,Inputs!$H$6:$H$9))),0),"" ) | M104: =IF($A104<=Inputs!$B$13,IF(8<=Inputs!$B$8,IF(Inputs!$B$12>0,MAX(MIN(NORM.INV(RAND(),LOOKUP(W104,Inputs!$J$6:$J$9,Inputs!$G$6:$G$9),LOOKUP(W104,Inputs!$J$6:$J$9,Inputs!$H$6:$H$9)),Inputs!$B$12),-Inputs!$B$12),NORM.INV(RAND(),LOOKUP(W104,Inputs!$J$6:$J$9,Inputs!$G$6:$G$9),LOOKUP(W104,Inputs!$J$6:$J$9,Inputs!$H$6:$H$9))),0),"" ) | N104: =IF($A104<=Inputs!$B$13,IF(9<=Inputs!$B$8,IF(Inputs!$B$12>0,MAX(MIN(NORM.INV(RAND(),LOOKUP(X104,Inputs!$J$6:$J$9,Inputs!$G$6:$G$9),LOOKUP(X104,Inputs!$J$6:$J$9,Inputs!$H$6:$H$9)),Inputs!$B$12),-Inputs!$B$12),NORM.INV(RAND(),LOOKUP(X104,Inputs!$J$6:$J$9,Inputs!$G$6:$G$9),LOOKUP(X104,Inputs!$J$6:$J$9,Inputs!$H$6:$H$9))),0),"" ) | O104: =IF($A104<=Inputs!$B$13,IF(10<=Inputs!$B$8,IF(Inputs!$B$12>0,MAX(MIN(NORM.INV(RAND(),LOOKUP(Y104,Inputs!$J$6:$J$9,Inputs!$G$6:$G$9),LOOKUP(Y104,Inputs!$J$6:$J$9,Inputs!$H$6:$H$9)),Inputs!$B$12),-Inputs!$B$12),NORM.INV(RAND(),LOOKUP(Y104,Inputs!$J$6:$J$9,Inputs!$G$6:$G$9),LOOKUP(Y104,Inputs!$J$6:$J$9,Inputs!$H$6:$H$9))),0),"" ) | P104: =IF($A104<=Inputs!$B$13,RAND(),"") | Q104: =IF($A104<=Inputs!$B$13,RAND(),"") | R104: =IF($A104<=Inputs!$B$13,RAND(),"") | S104: =IF($A104<=Inputs!$B$13,RAND(),"") | T104: =IF($A104<=Inputs!$B$13,RAND(),"") | U104: =IF($A104<=Inputs!$B$13,RAND(),"") | V104: =IF($A104<=Inputs!$B$13,RAND(),"") | W104: =IF($A104<=Inputs!$B$13,RAND(),"") | ... Y104: =IF($A104<=Inputs!$B$13,RAND(),"")
A105: 100 | B105: =IF($A105<=Inputs!$B$13,IF(Inputs!$B$8>0,SUM(F105:O105)/Inputs!$B$8,0),"") | C105: =IF($A105<=Inputs!$B$13,B105/100,"") | D105: =IF($A105<=Inputs!$B$13,C105*Inputs!$B$7,"") | E105: =IF($A105<=Inputs!$B$13,IF(D105>0,1,0),"") | F105: =IF($A105<=Inputs!$B$13,IF(1<=Inputs!$B$8,IF(Inputs!$B$12>0,MAX(MIN(NORM.INV(RAND(),LOOKUP(P105,Inputs!$J$6:$J$9,Inputs!$G$6:$G$9),LOOKUP(P105,Inputs!$J$6:$J$9,Inputs!$H$6:$H$9)),Inputs!$B$12),-Inputs!$B$12),NORM.INV(RAND(),LOOKUP(P105,Inputs!$J$6:$J$9,Inputs!$G$6:$G$9),LOOKUP(P105,Inputs!$J$6:$J$9,Inputs!$H$6:$H$9))),0),"" ) | G105: =IF($A105<=Inputs!$B$13,IF(2<=Inputs!$B$8,IF(Inputs!$B$12>0,MAX(MIN(NORM.INV(RAND(),LOOKUP(Q105,Inputs!$J$6:$J$9,Inputs!$G$6:$G$9),LOOKUP(Q105,Inputs!$J$6:$J$9,Inputs!$H$6:$H$9)),Inputs!$B$12),-Inputs!$B$12),NORM.INV(RAND(),LOOKUP(Q105,Inputs!$J$6:$J$9,Inputs!$G$6:$G$9),LOOKUP(Q105,Inputs!$J$6:$J$9,Inputs!$H$6:$H$9))),0),"" ) | H105: =IF($A105<=Inputs!$B$13,IF(3<=Inputs!$B$8,IF(Inputs!$B$12>0,MAX(MIN(NORM.INV(RAND(),LOOKUP(R105,Inputs!$J$6:$J$9,Inputs!$G$6:$G$9),LOOKUP(R105,Inputs!$J$6:$J$9,Inputs!$H$6:$H$9)),Inputs!$B$12),-Inputs!$B$12),NORM.INV(RAND(),LOOKUP(R105,Inputs!$J$6:$J$9,Inputs!$G$6:$G$9),LOOKUP(R105,Inputs!$J$6:$J$9,Inputs!$H$6:$H$9))),0),"" ) | I105: =IF($A105<=Inputs!$B$13,IF(4<=Inputs!$B$8,IF(Inputs!$B$12>0,MAX(MIN(NORM.INV(RAND(),LOOKUP(S105,Inputs!$J$6:$J$9,Inputs!$G$6:$G$9),LOOKUP(S105,Inputs!$J$6:$J$9,Inputs!$H$6:$H$9)),Inputs!$B$12),-Inputs!$B$12),NORM.INV(RAND(),LOOKUP(S105,Inputs!$J$6:$J$9,Inputs!$G$6:$G$9),LOOKUP(S105,Inputs!$J$6:$J$9,Inputs!$H$6:$H$9))),0),"" ) | J105: =IF($A105<=Inputs!$B$13,IF(5<=Inputs!$B$8,IF(Inputs!$B$12>0,MAX(MIN(NORM.INV(RAND(),LOOKUP(T105,Inputs!$J$6:$J$9,Inputs!$G$6:$G$9),LOOKUP(T105,Inputs!$J$6:$J$9,Inputs!$H$6:$H$9)),Inputs!$B$12),-Inputs!$B$12),NORM.INV(RAND(),LOOKUP(T105,Inputs!$J$6:$J$9,Inputs!$G$6:$G$9),LOOKUP(T105,Inputs!$J$6:$J$9,Inputs!$H$6:$H$9))),0),"" ) | K105: =IF($A105<=Inputs!$B$13,IF(6<=Inputs!$B$8,IF(Inputs!$B$12>0,MAX(MIN(NORM.INV(RAND(),LOOKUP(U105,Inputs!$J$6:$J$9,Inputs!$G$6:$G$9),LOOKUP(U105,Inputs!$J$6:$J$9,Inputs!$H$6:$H$9)),Inputs!$B$12),-Inputs!$B$12),NORM.INV(RAND(),LOOKUP(U105,Inputs!$J$6:$J$9,Inputs!$G$6:$G$9),LOOKUP(U105,Inputs!$J$6:$J$9,Inputs!$H$6:$H$9))),0),"" ) | L105: =IF($A105<=Inputs!$B$13,IF(7<=Inputs!$B$8,IF(Inputs!$B$12>0,MAX(MIN(NORM.INV(RAND(),LOOKUP(V105,Inputs!$J$6:$J$9,Inputs!$G$6:$G$9),LOOKUP(V105,Inputs!$J$6:$J$9,Inputs!$H$6:$H$9)),Inputs!$B$12),-Inputs!$B$12),NORM.INV(RAND(),LOOKUP(V105,Inputs!$J$6:$J$9,Inputs!$G$6:$G$9),LOOKUP(V105,Inputs!$J$6:$J$9,Inputs!$H$6:$H$9))),0),"" ) | M105: =IF($A105<=Inputs!$B$13,IF(8<=Inputs!$B$8,IF(Inputs!$B$12>0,MAX(MIN(NORM.INV(RAND(),LOOKUP(W105,Inputs!$J$6:$J$9,Inputs!$G$6:$G$9),LOOKUP(W105,Inputs!$J$6:$J$9,Inputs!$H$6:$H$9)),Inputs!$B$12),-Inputs!$B$12),NORM.INV(RAND(),LOOKUP(W105,Inputs!$J$6:$J$9,Inputs!$G$6:$G$9),LOOKUP(W105,Inputs!$J$6:$J$9,Inputs!$H$6:$H$9))),0),"" ) | N105: =IF($A105<=Inputs!$B$13,IF(9<=Inputs!$B$8,IF(Inputs!$B$12>0,MAX(MIN(NORM.INV(RAND(),LOOKUP(X105,Inputs!$J$6:$J$9,Inputs!$G$6:$G$9),LOOKUP(X105,Inputs!$J$6:$J$9,Inputs!$H$6:$H$9)),Inputs!$B$12),-Inputs!$B$12),NORM.INV(RAND(),LOOKUP(X105,Inputs!$J$6:$J$9,Inputs!$G$6:$G$9),LOOKUP(X105,Inputs!$J$6:$J$9,Inputs!$H$6:$H$9))),0),"" ) | O105: =IF($A105<=Inputs!$B$13,IF(10<=Inputs!$B$8,IF(Inputs!$B$12>0,MAX(MIN(NORM.INV(RAND(),LOOKUP(Y105,Inputs!$J$6:$J$9,Inputs!$G$6:$G$9),LOOKUP(Y105,Inputs!$J$6:$J$9,Inputs!$H$6:$H$9)),Inputs!$B$12),-Inputs!$B$12),NORM.INV(RAND(),LOOKUP(Y105,Inputs!$J$6:$J$9,Inputs!$G$6:$G$9),LOOKUP(Y105,Inputs!$J$6:$J$9,Inputs!$H$6:$H$9))),0),"" ) | P105: =IF($A105<=Inputs!$B$13,RAND(),"") | Q105: =IF($A105<=Inputs!$B$13,RAND(),"") | R105: =IF($A105<=Inputs!$B$13,RAND(),"") | S105: =IF($A105<=Inputs!$B$13,RAND(),"") | T105: =IF($A105<=Inputs!$B$13,RAND(),"") | U105: =IF($A105<=Inputs!$B$13,RAND(),"") | V105: =IF($A105<=Inputs!$B$13,RAND(),"") | W105: =IF($A105<=Inputs!$B$13,RAND(),"") | ... Y105: =IF($A105<=Inputs!$B$13,RAND(),"")
A106: 101 | B106: =IF($A106<=Inputs!$B$13,IF(Inputs!$B$8>0,SUM(F106:O106)/Inputs!$B$8,0),"") | C106: =IF($A106<=Inputs!$B$13,B106/100,"") | D106: =IF($A106<=Inputs!$B$13,C106*Inputs!$B$7,"") | E106: =IF($A106<=Inputs!$B$13,IF(D106>0,1,0),"") | F106: =IF($A106<=Inputs!$B$13,IF(1<=Inputs!$B$8,IF(Inputs!$B$12>0,MAX(MIN(NORM.INV(RAND(),LOOKUP(P106,Inputs!$J$6:$J$9,Inputs!$G$6:$G$9),LOOKUP(P106,Inputs!$J$6:$J$9,Inputs!$H$6:$H$9)),Inputs!$B$12),-Inputs!$B$12),NORM.INV(RAND(),LOOKUP(P106,Inputs!$J$6:$J$9,Inputs!$G$6:$G$9),LOOKUP(P106,Inputs!$J$6:$J$9,Inputs!$H$6:$H$9))),0),"" ) | G106: =IF($A106<=Inputs!$B$13,IF(2<=Inputs!$B$8,IF(Inputs!$B$12>0,MAX(MIN(NORM.INV(RAND(),LOOKUP(Q106,Inputs!$J$6:$J$9,Inputs!$G$6:$G$9),LOOKUP(Q106,Inputs!$J$6:$J$9,Inputs!$H$6:$H$9)),Inputs!$B$12),-Inputs!$B$12),NORM.INV(RAND(),LOOKUP(Q106,Inputs!$J$6:$J$9,Inputs!$G$6:$G$9),LOOKUP(Q106,Inputs!$J$6:$J$9,Inputs!$H$6:$H$9))),0),"" ) | H106: =IF($A106<=Inputs!$B$13,IF(3<=Inputs!$B$8,IF(Inputs!$B$12>0,MAX(MIN(NORM.INV(RAND(),LOOKUP(R106,Inputs!$J$6:$J$9,Inputs!$G$6:$G$9),LOOKUP(R106,Inputs!$J$6:$J$9,Inputs!$H$6:$H$9)),Inputs!$B$12),-Inputs!$B$12),NORM.INV(RAND(),LOOKUP(R106,Inputs!$J$6:$J$9,Inputs!$G$6:$G$9),LOOKUP(R106,Inputs!$J$6:$J$9,Inputs!$H$6:$H$9))),0),"" ) | I106: =IF($A106<=Inputs!$B$13,IF(4<=Inputs!$B$8,IF(Inputs!$B$12>0,MAX(MIN(NORM.INV(RAND(),LOOKUP(S106,Inputs!$J$6:$J$9,Inputs!$G$6:$G$9),LOOKUP(S106,Inputs!$J$6:$J$9,Inputs!$H$6:$H$9)),Inputs!$B$12),-Inputs!$B$12),NORM.INV(RAND(),LOOKUP(S106,Inputs!$J$6:$J$9,Inputs!$G$6:$G$9),LOOKUP(S106,Inputs!$J$6:$J$9,Inputs!$H$6:$H$9))),0),"" ) | J106: =IF($A106<=Inputs!$B$13,IF(5<=Inputs!$B$8,IF(Inputs!$B$12>0,MAX(MIN(NORM.INV(RAND(),LOOKUP(T106,Inputs!$J$6:$J$9,Inputs!$G$6:$G$9),LOOKUP(T106,Inputs!$J$6:$J$9,Inputs!$H$6:$H$9)),Inputs!$B$12),-Inputs!$B$12),NORM.INV(RAND(),LOOKUP(T106,Inputs!$J$6:$J$9,Inputs!$G$6:$G$9),LOOKUP(T106,Inputs!$J$6:$J$9,Inputs!$H$6:$H$9))),0),"" ) | K106: =IF($A106<=Inputs!$B$13,IF(6<=Inputs!$B$8,IF(Inputs!$B$12>0,MAX(MIN(NORM.INV(RAND(),LOOKUP(U106,Inputs!$J$6:$J$9,Inputs!$G$6:$G$9),LOOKUP(U106,Inputs!$J$6:$J$9,Inputs!$H$6:$H$9)),Inputs!$B$12),-Inputs!$B$12),NORM.INV(RAND(),LOOKUP(U106,Inputs!$J$6:$J$9,Inputs!$G$6:$G$9),LOOKUP(U106,Inputs!$J$6:$J$9,Inputs!$H$6:$H$9))),0),"" ) | L106: =IF($A106<=Inputs!$B$13,IF(7<=Inputs!$B$8,IF(Inputs!$B$12>0,MAX(MIN(NORM.INV(RAND(),LOOKUP(V106,Inputs!$J$6:$J$9,Inputs!$G$6:$G$9),LOOKUP(V106,Inputs!$J$6:$J$9,Inputs!$H$6:$H$9)),Inputs!$B$12),-Inputs!$B$12),NORM.INV(RAND(),LOOKUP(V106,Inputs!$J$6:$J$9,Inputs!$G$6:$G$9),LOOKUP(V106,Inputs!$J$6:$J$9,Inputs!$H$6:$H$9))),0),"" ) | M106: =IF($A106<=Inputs!$B$13,IF(8<=Inputs!$B$8,IF(Inputs!$B$12>0,MAX(MIN(NORM.INV(RAND(),LOOKUP(W106,Inputs!$J$6:$J$9,Inputs!$G$6:$G$9),LOOKUP(W106,Inputs!$J$6:$J$9,Inputs!$H$6:$H$9)),Inputs!$B$12),-Inputs!$B$12),NORM.INV(RAND(),LOOKUP(W106,Inputs!$J$6:$J$9,Inputs!$G$6:$G$9),LOOKUP(W106,Inputs!$J$6:$J$9,Inputs!$H$6:$H$9))),0),"" ) | N106: =IF($A106<=Inputs!$B$13,IF(9<=Inputs!$B$8,IF(Inputs!$B$12>0,MAX(MIN(NORM.INV(RAND(),LOOKUP(X106,Inputs!$J$6:$J$9,Inputs!$G$6:$G$9),LOOKUP(X106,Inputs!$J$6:$J$9,Inputs!$H$6:$H$9)),Inputs!$B$12),-Inputs!$B$12),NORM.INV(RAND(),LOOKUP(X106,Inputs!$J$6:$J$9,Inputs!$G$6:$G$9),LOOKUP(X106,Inputs!$J$6:$J$9,Inputs!$H$6:$H$9))),0),"" ) | O106: =IF($A106<=Inputs!$B$13,IF(10<=Inputs!$B$8,IF(Inputs!$B$12>0,MAX(MIN(NORM.INV(RAND(),LOOKUP(Y106,Inputs!$J$6:$J$9,Inputs!$G$6:$G$9),LOOKUP(Y106,Inputs!$J$6:$J$9,Inputs!$H$6:$H$9)),Inputs!$B$12),-Inputs!$B$12),NORM.INV(RAND(),LOOKUP(Y106,Inputs!$J$6:$J$9,Inputs!$G$6:$G$9),LOOKUP(Y106,Inputs!$J$6:$J$9,Inputs!$H$6:$H$9))),0),"" ) | P106: =IF($A106<=Inputs!$B$13,RAND(),"") | Q106: =IF($A106<=Inputs!$B$13,RAND(),"") | R106: =IF($A106<=Inputs!$B$13,RAND(),"") | S106: =IF($A106<=Inputs!$B$13,RAND(),"") | T106: =IF($A106<=Inputs!$B$13,RAND(),"") | U106: =IF($A106<=Inputs!$B$13,RAND(),"") | V106: =IF($A106<=Inputs!$B$13,RAND(),"") | W106: =IF($A106<=Inputs!$B$13,RAND(),"") | ... Y106: =IF($A106<=Inputs!$B$13,RAND(),"")
A107: 102 | B107: =IF($A107<=Inputs!$B$13,IF(Inputs!$B$8>0,SUM(F107:O107)/Inputs!$B$8,0),"") | C107: =IF($A107<=Inputs!$B$13,B107/100,"") | D107: =IF($A107<=Inputs!$B$13,C107*Inputs!$B$7,"") | E107: =IF($A107<=Inputs!$B$13,IF(D107>0,1,0),"") | F107: =IF($A107<=Inputs!$B$13,IF(1<=Inputs!$B$8,IF(Inputs!$B$12>0,MAX(MIN(NORM.INV(RAND(),LOOKUP(P107,Inputs!$J$6:$J$9,Inputs!$G$6:$G$9),LOOKUP(P107,Inputs!$J$6:$J$9,Inputs!$H$6:$H$9)),Inputs!$B$12),-Inputs!$B$12),NORM.INV(RAND(),LOOKUP(P107,Inputs!$J$6:$J$9,Inputs!$G$6:$G$9),LOOKUP(P107,Inputs!$J$6:$J$9,Inputs!$H$6:$H$9))),0),"" ) | G107: =IF($A107<=Inputs!$B$13,IF(2<=Inputs!$B$8,IF(Inputs!$B$12>0,MAX(MIN(NORM.INV(RAND(),LOOKUP(Q107,Inputs!$J$6:$J$9,Inputs!$G$6:$G$9),LOOKUP(Q107,Inputs!$J$6:$J$9,Inputs!$H$6:$H$9)),Inputs!$B$12),-Inputs!$B$12),NORM.INV(RAND(),LOOKUP(Q107,Inputs!$J$6:$J$9,Inputs!$G$6:$G$9),LOOKUP(Q107,Inputs!$J$6:$J$9,Inputs!$H$6:$H$9))),0),"" ) | H107: =IF($A107<=Inputs!$B$13,IF(3<=Inputs!$B$8,IF(Inputs!$B$12>0,MAX(MIN(NORM.INV(RAND(),LOOKUP(R107,Inputs!$J$6:$J$9,Inputs!$G$6:$G$9),LOOKUP(R107,Inputs!$J$6:$J$9,Inputs!$H$6:$H$9)),Inputs!$B$12),-Inputs!$B$12),NORM.INV(RAND(),LOOKUP(R107,Inputs!$J$6:$J$9,Inputs!$G$6:$G$9),LOOKUP(R107,Inputs!$J$6:$J$9,Inputs!$H$6:$H$9))),0),"" ) | I107: =IF($A107<=Inputs!$B$13,IF(4<=Inputs!$B$8,IF(Inputs!$B$12>0,MAX(MIN(NORM.INV(RAND(),LOOKUP(S107,Inputs!$J$6:$J$9,Inputs!$G$6:$G$9),LOOKUP(S107,Inputs!$J$6:$J$9,Inputs!$H$6:$H$9)),Inputs!$B$12),-Inputs!$B$12),NORM.INV(RAND(),LOOKUP(S107,Inputs!$J$6:$J$9,Inputs!$G$6:$G$9),LOOKUP(S107,Inputs!$J$6:$J$9,Inputs!$H$6:$H$9))),0),"" ) | J107: =IF($A107<=Inputs!$B$13,IF(5<=Inputs!$B$8,IF(Inputs!$B$12>0,MAX(MIN(NORM.INV(RAND(),LOOKUP(T107,Inputs!$J$6:$J$9,Inputs!$G$6:$G$9),LOOKUP(T107,Inputs!$J$6:$J$9,Inputs!$H$6:$H$9)),Inputs!$B$12),-Inputs!$B$12),NORM.INV(RAND(),LOOKUP(T107,Inputs!$J$6:$J$9,Inputs!$G$6:$G$9),LOOKUP(T107,Inputs!$J$6:$J$9,Inputs!$H$6:$H$9))),0),"" ) | K107: =IF($A107<=Inputs!$B$13,IF(6<=Inputs!$B$8,IF(Inputs!$B$12>0,MAX(MIN(NORM.INV(RAND(),LOOKUP(U107,Inputs!$J$6:$J$9,Inputs!$G$6:$G$9),LOOKUP(U107,Inputs!$J$6:$J$9,Inputs!$H$6:$H$9)),Inputs!$B$12),-Inputs!$B$12),NORM.INV(RAND(),LOOKUP(U107,Inputs!$J$6:$J$9,Inputs!$G$6:$G$9),LOOKUP(U107,Inputs!$J$6:$J$9,Inputs!$H$6:$H$9))),0),"" ) | L107: =IF($A107<=Inputs!$B$13,IF(7<=Inputs!$B$8,IF(Inputs!$B$12>0,MAX(MIN(NORM.INV(RAND(),LOOKUP(V107,Inputs!$J$6:$J$9,Inputs!$G$6:$G$9),LOOKUP(V107,Inputs!$J$6:$J$9,Inputs!$H$6:$H$9)),Inputs!$B$12),-Inputs!$B$12),NORM.INV(RAND(),LOOKUP(V107,Inputs!$J$6:$J$9,Inputs!$G$6:$G$9),LOOKUP(V107,Inputs!$J$6:$J$9,Inputs!$H$6:$H$9))),0),"" ) | M107: =IF($A107<=Inputs!$B$13,IF(8<=Inputs!$B$8,IF(Inputs!$B$12>0,MAX(MIN(NORM.INV(RAND(),LOOKUP(W107,Inputs!$J$6:$J$9,Inputs!$G$6:$G$9),LOOKUP(W107,Inputs!$J$6:$J$9,Inputs!$H$6:$H$9)),Inputs!$B$12),-Inputs!$B$12),NORM.INV(RAND(),LOOKUP(W107,Inputs!$J$6:$J$9,Inputs!$G$6:$G$9),LOOKUP(W107,Inputs!$J$6:$J$9,Inputs!$H$6:$H$9))),0),"" ) | N107: =IF($A107<=Inputs!$B$13,IF(9<=Inputs!$B$8,IF(Inputs!$B$12>0,MAX(MIN(NORM.INV(RAND(),LOOKUP(X107,Inputs!$J$6:$J$9,Inputs!$G$6:$G$9),LOOKUP(X107,Inputs!$J$6:$J$9,Inputs!$H$6:$H$9)),Inputs!$B$12),-Inputs!$B$12),NORM.INV(RAND(),LOOKUP(X107,Inputs!$J$6:$J$9,Inputs!$G$6:$G$9),LOOKUP(X107,Inputs!$J$6:$J$9,Inputs!$H$6:$H$9))),0),"" ) | O107: =IF($A107<=Inputs!$B$13,IF(10<=Inputs!$B$8,IF(Inputs!$B$12>0,MAX(MIN(NORM.INV(RAND(),LOOKUP(Y107,Inputs!$J$6:$J$9,Inputs!$G$6:$G$9),LOOKUP(Y107,Inputs!$J$6:$J$9,Inputs!$H$6:$H$9)),Inputs!$B$12),-Inputs!$B$12),NORM.INV(RAND(),LOOKUP(Y107,Inputs!$J$6:$J$9,Inputs!$G$6:$G$9),LOOKUP(Y107,Inputs!$J$6:$J$9,Inputs!$H$6:$H$9))),0),"" ) | P107: =IF($A107<=Inputs!$B$13,RAND(),"") | Q107: =IF($A107<=Inputs!$B$13,RAND(),"") | R107: =IF($A107<=Inputs!$B$13,RAND(),"") | S107: =IF($A107<=Inputs!$B$13,RAND(),"") | T107: =IF($A107<=Inputs!$B$13,RAND(),"") | U107: =IF($A107<=Inputs!$B$13,RAND(),"") | V107: =IF($A107<=Inputs!$B$13,RAND(),"") | W107: =IF($A107<=Inputs!$B$13,RAND(),"") | ... Y107: =IF($A107<=Inputs!$B$13,RAND(),"")
A108: 103 | B108: =IF($A108<=Inputs!$B$13,IF(Inputs!$B$8>0,SUM(F108:O108)/Inputs!$B$8,0),"") | C108: =IF($A108<=Inputs!$B$13,B108/100,"") | D108: =IF($A108<=Inputs!$B$13,C108*Inputs!$B$7,"") | E108: =IF($A108<=Inputs!$B$13,IF(D108>0,1,0),"") | F108: =IF($A108<=Inputs!$B$13,IF(1<=Inputs!$B$8,IF(Inputs!$B$12>0,MAX(MIN(NORM.INV(RAND(),LOOKUP(P108,Inputs!$J$6:$J$9,Inputs!$G$6:$G$9),LOOKUP(P108,Inputs!$J$6:$J$9,Inputs!$H$6:$H$9)),Inputs!$B$12),-Inputs!$B$12),NORM.INV(RAND(),LOOKUP(P108,Inputs!$J$6:$J$9,Inputs!$G$6:$G$9),LOOKUP(P108,Inputs!$J$6:$J$9,Inputs!$H$6:$H$9))),0),"" ) | G108: =IF($A108<=Inputs!$B$13,IF(2<=Inputs!$B$8,IF(Inputs!$B$12>0,MAX(MIN(NORM.INV(RAND(),LOOKUP(Q108,Inputs!$J$6:$J$9,Inputs!$G$6:$G$9),LOOKUP(Q108,Inputs!$J$6:$J$9,Inputs!$H$6:$H$9)),Inputs!$B$12),-Inputs!$B$12),NORM.INV(RAND(),LOOKUP(Q108,Inputs!$J$6:$J$9,Inputs!$G$6:$G$9),LOOKUP(Q108,Inputs!$J$6:$J$9,Inputs!$H$6:$H$9))),0),"" ) | H108: =IF($A108<=Inputs!$B$13,IF(3<=Inputs!$B$8,IF(Inputs!$B$12>0,MAX(MIN(NORM.INV(RAND(),LOOKUP(R108,Inputs!$J$6:$J$9,Inputs!$G$6:$G$9),LOOKUP(R108,Inputs!$J$6:$J$9,Inputs!$H$6:$H$9)),Inputs!$B$12),-Inputs!$B$12),NORM.INV(RAND(),LOOKUP(R108,Inputs!$J$6:$J$9,Inputs!$G$6:$G$9),LOOKUP(R108,Inputs!$J$6:$J$9,Inputs!$H$6:$H$9))),0),"" ) | I108: =IF($A108<=Inputs!$B$13,IF(4<=Inputs!$B$8,IF(Inputs!$B$12>0,MAX(MIN(NORM.INV(RAND(),LOOKUP(S108,Inputs!$J$6:$J$9,Inputs!$G$6:$G$9),LOOKUP(S108,Inputs!$J$6:$J$9,Inputs!$H$6:$H$9)),Inputs!$B$12),-Inputs!$B$12),NORM.INV(RAND(),LOOKUP(S108,Inputs!$J$6:$J$9,Inputs!$G$6:$G$9),LOOKUP(S108,Inputs!$J$6:$J$9,Inputs!$H$6:$H$9))),0),"" ) | J108: =IF($A108<=Inputs!$B$13,IF(5<=Inputs!$B$8,IF(Inputs!$B$12>0,MAX(MIN(NORM.INV(RAND(),LOOKUP(T108,Inputs!$J$6:$J$9,Inputs!$G$6:$G$9),LOOKUP(T108,Inputs!$J$6:$J$9,Inputs!$H$6:$H$9)),Inputs!$B$12),-Inputs!$B$12),NORM.INV(RAND(),LOOKUP(T108,Inputs!$J$6:$J$9,Inputs!$G$6:$G$9),LOOKUP(T108,Inputs!$J$6:$J$9,Inputs!$H$6:$H$9))),0),"" ) | K108: =IF($A108<=Inputs!$B$13,IF(6<=Inputs!$B$8,IF(Inputs!$B$12>0,MAX(MIN(NORM.INV(RAND(),LOOKUP(U108,Inputs!$J$6:$J$9,Inputs!$G$6:$G$9),LOOKUP(U108,Inputs!$J$6:$J$9,Inputs!$H$6:$H$9)),Inputs!$B$12),-Inputs!$B$12),NORM.INV(RAND(),LOOKUP(U108,Inputs!$J$6:$J$9,Inputs!$G$6:$G$9),LOOKUP(U108,Inputs!$J$6:$J$9,Inputs!$H$6:$H$9))),0),"" ) | L108: =IF($A108<=Inputs!$B$13,IF(7<=Inputs!$B$8,IF(Inputs!$B$12>0,MAX(MIN(NORM.INV(RAND(),LOOKUP(V108,Inputs!$J$6:$J$9,Inputs!$G$6:$G$9),LOOKUP(V108,Inputs!$J$6:$J$9,Inputs!$H$6:$H$9)),Inputs!$B$12),-Inputs!$B$12),NORM.INV(RAND(),LOOKUP(V108,Inputs!$J$6:$J$9,Inputs!$G$6:$G$9),LOOKUP(V108,Inputs!$J$6:$J$9,Inputs!$H$6:$H$9))),0),"" ) | M108: =IF($A108<=Inputs!$B$13,IF(8<=Inputs!$B$8,IF(Inputs!$B$12>0,MAX(MIN(NORM.INV(RAND(),LOOKUP(W108,Inputs!$J$6:$J$9,Inputs!$G$6:$G$9),LOOKUP(W108,Inputs!$J$6:$J$9,Inputs!$H$6:$H$9)),Inputs!$B$12),-Inputs!$B$12),NORM.INV(RAND(),LOOKUP(W108,Inputs!$J$6:$J$9,Inputs!$G$6:$G$9),LOOKUP(W108,Inputs!$J$6:$J$9,Inputs!$H$6:$H$9))),0),"" ) | N108: =IF($A108<=Inputs!$B$13,IF(9<=Inputs!$B$8,IF(Inputs!$B$12>0,MAX(MIN(NORM.INV(RAND(),LOOKUP(X108,Inputs!$J$6:$J$9,Inputs!$G$6:$G$9),LOOKUP(X108,Inputs!$J$6:$J$9,Inputs!$H$6:$H$9)),Inputs!$B$12),-Inputs!$B$12),NORM.INV(RAND(),LOOKUP(X108,Inputs!$J$6:$J$9,Inputs!$G$6:$G$9),LOOKUP(X108,Inputs!$J$6:$J$9,Inputs!$H$6:$H$9))),0),"" ) | O108: =IF($A108<=Inputs!$B$13,IF(10<=Inputs!$B$8,IF(Inputs!$B$12>0,MAX(MIN(NORM.INV(RAND(),LOOKUP(Y108,Inputs!$J$6:$J$9,Inputs!$G$6:$G$9),LOOKUP(Y108,Inputs!$J$6:$J$9,Inputs!$H$6:$H$9)),Inputs!$B$12),-Inputs!$B$12),NORM.INV(RAND(),LOOKUP(Y108,Inputs!$J$6:$J$9,Inputs!$G$6:$G$9),LOOKUP(Y108,Inputs!$J$6:$J$9,Inputs!$H$6:$H$9))),0),"" ) | P108: =IF($A108<=Inputs!$B$13,RAND(),"") | Q108: =IF($A108<=Inputs!$B$13,RAND(),"") | R108: =IF($A108<=Inputs!$B$13,RAND(),"") | S108: =IF($A108<=Inputs!$B$13,RAND(),"") | T108: =IF($A108<=Inputs!$B$13,RAND(),"") | U108: =IF($A108<=Inputs!$B$13,RAND(),"") | V108: =IF($A108<=Inputs!$B$13,RAND(),"") | W108: =IF($A108<=Inputs!$B$13,RAND(),"") | ... Y108: =IF($A108<=Inputs!$B$13,RAND(),"")
A109: 104 | B109: =IF($A109<=Inputs!$B$13,IF(Inputs!$B$8>0,SUM(F109:O109)/Inputs!$B$8,0),"") | C109: =IF($A109<=Inputs!$B$13,B109/100,"") | D109: =IF($A109<=Inputs!$B$13,C109*Inputs!$B$7,"") | E109: =IF($A109<=Inputs!$B$13,IF(D109>0,1,0),"") | F109: =IF($A109<=Inputs!$B$13,IF(1<=Inputs!$B$8,IF(Inputs!$B$12>0,MAX(MIN(NORM.INV(RAND(),LOOKUP(P109,Inputs!$J$6:$J$9,Inputs!$G$6:$G$9),LOOKUP(P109,Inputs!$J$6:$J$9,Inputs!$H$6:$H$9)),Inputs!$B$12),-Inputs!$B$12),NORM.INV(RAND(),LOOKUP(P109,Inputs!$J$6:$J$9,Inputs!$G$6:$G$9),LOOKUP(P109,Inputs!$J$6:$J$9,Inputs!$H$6:$H$9))),0),"" ) | G109: =IF($A109<=Inputs!$B$13,IF(2<=Inputs!$B$8,IF(Inputs!$B$12>0,MAX(MIN(NORM.INV(RAND(),LOOKUP(Q109,Inputs!$J$6:$J$9,Inputs!$G$6:$G$9),LOOKUP(Q109,Inputs!$J$6:$J$9,Inputs!$H$6:$H$9)),Inputs!$B$12),-Inputs!$B$12),NORM.INV(RAND(),LOOKUP(Q109,Inputs!$J$6:$J$9,Inputs!$G$6:$G$9),LOOKUP(Q109,Inputs!$J$6:$J$9,Inputs!$H$6:$H$9))),0),"" ) | H109: =IF($A109<=Inputs!$B$13,IF(3<=Inputs!$B$8,IF(Inputs!$B$12>0,MAX(MIN(NORM.INV(RAND(),LOOKUP(R109,Inputs!$J$6:$J$9,Inputs!$G$6:$G$9),LOOKUP(R109,Inputs!$J$6:$J$9,Inputs!$H$6:$H$9)),Inputs!$B$12),-Inputs!$B$12),NORM.INV(RAND(),LOOKUP(R109,Inputs!$J$6:$J$9,Inputs!$G$6:$G$9),LOOKUP(R109,Inputs!$J$6:$J$9,Inputs!$H$6:$H$9))),0),"" ) | I109: =IF($A109<=Inputs!$B$13,IF(4<=Inputs!$B$8,IF(Inputs!$B$12>0,MAX(MIN(NORM.INV(RAND(),LOOKUP(S109,Inputs!$J$6:$J$9,Inputs!$G$6:$G$9),LOOKUP(S109,Inputs!$J$6:$J$9,Inputs!$H$6:$H$9)),Inputs!$B$12),-Inputs!$B$12),NORM.INV(RAND(),LOOKUP(S109,Inputs!$J$6:$J$9,Inputs!$G$6:$G$9),LOOKUP(S109,Inputs!$J$6:$J$9,Inputs!$H$6:$H$9))),0),"" ) | J109: =IF($A109<=Inputs!$B$13,IF(5<=Inputs!$B$8,IF(Inputs!$B$12>0,MAX(MIN(NORM.INV(RAND(),LOOKUP(T109,Inputs!$J$6:$J$9,Inputs!$G$6:$G$9),LOOKUP(T109,Inputs!$J$6:$J$9,Inputs!$H$6:$H$9)),Inputs!$B$12),-Inputs!$B$12),NORM.INV(RAND(),LOOKUP(T109,Inputs!$J$6:$J$9,Inputs!$G$6:$G$9),LOOKUP(T109,Inputs!$J$6:$J$9,Inputs!$H$6:$H$9))),0),"" ) | K109: =IF($A109<=Inputs!$B$13,IF(6<=Inputs!$B$8,IF(Inputs!$B$12>0,MAX(MIN(NORM.INV(RAND(),LOOKUP(U109,Inputs!$J$6:$J$9,Inputs!$G$6:$G$9),LOOKUP(U109,Inputs!$J$6:$J$9,Inputs!$H$6:$H$9)),Inputs!$B$12),-Inputs!$B$12),NORM.INV(RAND(),LOOKUP(U109,Inputs!$J$6:$J$9,Inputs!$G$6:$G$9),LOOKUP(U109,Inputs!$J$6:$J$9,Inputs!$H$6:$H$9))),0),"" ) | L109: =IF($A109<=Inputs!$B$13,IF(7<=Inputs!$B$8,IF(Inputs!$B$12>0,MAX(MIN(NORM.INV(RAND(),LOOKUP(V109,Inputs!$J$6:$J$9,Inputs!$G$6:$G$9),LOOKUP(V109,Inputs!$J$6:$J$9,Inputs!$H$6:$H$9)),Inputs!$B$12),-Inputs!$B$12),NORM.INV(RAND(),LOOKUP(V109,Inputs!$J$6:$J$9,Inputs!$G$6:$G$9),LOOKUP(V109,Inputs!$J$6:$J$9,Inputs!$H$6:$H$9))),0),"" ) | M109: =IF($A109<=Inputs!$B$13,IF(8<=Inputs!$B$8,IF(Inputs!$B$12>0,MAX(MIN(NORM.INV(RAND(),LOOKUP(W109,Inputs!$J$6:$J$9,Inputs!$G$6:$G$9),LOOKUP(W109,Inputs!$J$6:$J$9,Inputs!$H$6:$H$9)),Inputs!$B$12),-Inputs!$B$12),NORM.INV(RAND(),LOOKUP(W109,Inputs!$J$6:$J$9,Inputs!$G$6:$G$9),LOOKUP(W109,Inputs!$J$6:$J$9,Inputs!$H$6:$H$9))),0),"" ) | N109: =IF($A109<=Inputs!$B$13,IF(9<=Inputs!$B$8,IF(Inputs!$B$12>0,MAX(MIN(NORM.INV(RAND(),LOOKUP(X109,Inputs!$J$6:$J$9,Inputs!$G$6:$G$9),LOOKUP(X109,Inputs!$J$6:$J$9,Inputs!$H$6:$H$9)),Inputs!$B$12),-Inputs!$B$12),NORM.INV(RAND(),LOOKUP(X109,Inputs!$J$6:$J$9,Inputs!$G$6:$G$9),LOOKUP(X109,Inputs!$J$6:$J$9,Inputs!$H$6:$H$9))),0),"" ) | O109: =IF($A109<=Inputs!$B$13,IF(10<=Inputs!$B$8,IF(Inputs!$B$12>0,MAX(MIN(NORM.INV(RAND(),LOOKUP(Y109,Inputs!$J$6:$J$9,Inputs!$G$6:$G$9),LOOKUP(Y109,Inputs!$J$6:$J$9,Inputs!$H$6:$H$9)),Inputs!$B$12),-Inputs!$B$12),NORM.INV(RAND(),LOOKUP(Y109,Inputs!$J$6:$J$9,Inputs!$G$6:$G$9),LOOKUP(Y109,Inputs!$J$6:$J$9,Inputs!$H$6:$H$9))),0),"" ) | P109: =IF($A109<=Inputs!$B$13,RAND(),"") | Q109: =IF($A109<=Inputs!$B$13,RAND(),"") | R109: =IF($A109<=Inputs!$B$13,RAND(),"") | S109: =IF($A109<=Inputs!$B$13,RAND(),"") | T109: =IF($A109<=Inputs!$B$13,RAND(),"") | U109: =IF($A109<=Inputs!$B$13,RAND(),"") | V109: =IF($A109<=Inputs!$B$13,RAND(),"") | W109: =IF($A109<=Inputs!$B$13,RAND(),"") | ... Y109: =IF($A109<=Inputs!$B$13,RAND(),"")
A110: 105 | B110: =IF($A110<=Inputs!$B$13,IF(Inputs!$B$8>0,SUM(F110:O110)/Inputs!$B$8,0),"") | C110: =IF($A110<=Inputs!$B$13,B110/100,"") | D110: =IF($A110<=Inputs!$B$13,C110*Inputs!$B$7,"") | E110: =IF($A110<=Inputs!$B$13,IF(D110>0,1,0),"") | F110: =IF($A110<=Inputs!$B$13,IF(1<=Inputs!$B$8,IF(Inputs!$B$12>0,MAX(MIN(NORM.INV(RAND(),LOOKUP(P110,Inputs!$J$6:$J$9,Inputs!$G$6:$G$9),LOOKUP(P110,Inputs!$J$6:$J$9,Inputs!$H$6:$H$9)),Inputs!$B$12),-Inputs!$B$12),NORM.INV(RAND(),LOOKUP(P110,Inputs!$J$6:$J$9,Inputs!$G$6:$G$9),LOOKUP(P110,Inputs!$J$6:$J$9,Inputs!$H$6:$H$9))),0),"" ) | G110: =IF($A110<=Inputs!$B$13,IF(2<=Inputs!$B$8,IF(Inputs!$B$12>0,MAX(MIN(NORM.INV(RAND(),LOOKUP(Q110,Inputs!$J$6:$J$9,Inputs!$G$6:$G$9),LOOKUP(Q110,Inputs!$J$6:$J$9,Inputs!$H$6:$H$9)),Inputs!$B$12),-Inputs!$B$12),NORM.INV(RAND(),LOOKUP(Q110,Inputs!$J$6:$J$9,Inputs!$G$6:$G$9),LOOKUP(Q110,Inputs!$J$6:$J$9,Inputs!$H$6:$H$9))),0),"" ) | H110: =IF($A110<=Inputs!$B$13,IF(3<=Inputs!$B$8,IF(Inputs!$B$12>0,MAX(MIN(NORM.INV(RAND(),LOOKUP(R110,Inputs!$J$6:$J$9,Inputs!$G$6:$G$9),LOOKUP(R110,Inputs!$J$6:$J$9,Inputs!$H$6:$H$9)),Inputs!$B$12),-Inputs!$B$12),NORM.INV(RAND(),LOOKUP(R110,Inputs!$J$6:$J$9,Inputs!$G$6:$G$9),LOOKUP(R110,Inputs!$J$6:$J$9,Inputs!$H$6:$H$9))),0),"" ) | I110: =IF($A110<=Inputs!$B$13,IF(4<=Inputs!$B$8,IF(Inputs!$B$12>0,MAX(MIN(NORM.INV(RAND(),LOOKUP(S110,Inputs!$J$6:$J$9,Inputs!$G$6:$G$9),LOOKUP(S110,Inputs!$J$6:$J$9,Inputs!$H$6:$H$9)),Inputs!$B$12),-Inputs!$B$12),NORM.INV(RAND(),LOOKUP(S110,Inputs!$J$6:$J$9,Inputs!$G$6:$G$9),LOOKUP(S110,Inputs!$J$6:$J$9,Inputs!$H$6:$H$9))),0),"" ) | J110: =IF($A110<=Inputs!$B$13,IF(5<=Inputs!$B$8,IF(Inputs!$B$12>0,MAX(MIN(NORM.INV(RAND(),LOOKUP(T110,Inputs!$J$6:$J$9,Inputs!$G$6:$G$9),LOOKUP(T110,Inputs!$J$6:$J$9,Inputs!$H$6:$H$9)),Inputs!$B$12),-Inputs!$B$12),NORM.INV(RAND(),LOOKUP(T110,Inputs!$J$6:$J$9,Inputs!$G$6:$G$9),LOOKUP(T110,Inputs!$J$6:$J$9,Inputs!$H$6:$H$9))),0),"" ) | K110: =IF($A110<=Inputs!$B$13,IF(6<=Inputs!$B$8,IF(Inputs!$B$12>0,MAX(MIN(NORM.INV(RAND(),LOOKUP(U110,Inputs!$J$6:$J$9,Inputs!$G$6:$G$9),LOOKUP(U110,Inputs!$J$6:$J$9,Inputs!$H$6:$H$9)),Inputs!$B$12),-Inputs!$B$12),NORM.INV(RAND(),LOOKUP(U110,Inputs!$J$6:$J$9,Inputs!$G$6:$G$9),LOOKUP(U110,Inputs!$J$6:$J$9,Inputs!$H$6:$H$9))),0),"" ) | L110: =IF($A110<=Inputs!$B$13,IF(7<=Inputs!$B$8,IF(Inputs!$B$12>0,MAX(MIN(NORM.INV(RAND(),LOOKUP(V110,Inputs!$J$6:$J$9,Inputs!$G$6:$G$9),LOOKUP(V110,Inputs!$J$6:$J$9,Inputs!$H$6:$H$9)),Inputs!$B$12),-Inputs!$B$12),NORM.INV(RAND(),LOOKUP(V110,Inputs!$J$6:$J$9,Inputs!$G$6:$G$9),LOOKUP(V110,Inputs!$J$6:$J$9,Inputs!$H$6:$H$9))),0),"" ) | M110: =IF($A110<=Inputs!$B$13,IF(8<=Inputs!$B$8,IF(Inputs!$B$12>0,MAX(MIN(NORM.INV(RAND(),LOOKUP(W110,Inputs!$J$6:$J$9,Inputs!$G$6:$G$9),LOOKUP(W110,Inputs!$J$6:$J$9,Inputs!$H$6:$H$9)),Inputs!$B$12),-Inputs!$B$12),NORM.INV(RAND(),LOOKUP(W110,Inputs!$J$6:$J$9,Inputs!$G$6:$G$9),LOOKUP(W110,Inputs!$J$6:$J$9,Inputs!$H$6:$H$9))),0),"" ) | N110: =IF($A110<=Inputs!$B$13,IF(9<=Inputs!$B$8,IF(Inputs!$B$12>0,MAX(MIN(NORM.INV(RAND(),LOOKUP(X110,Inputs!$J$6:$J$9,Inputs!$G$6:$G$9),LOOKUP(X110,Inputs!$J$6:$J$9,Inputs!$H$6:$H$9)),Inputs!$B$12),-Inputs!$B$12),NORM.INV(RAND(),LOOKUP(X110,Inputs!$J$6:$J$9,Inputs!$G$6:$G$9),LOOKUP(X110,Inputs!$J$6:$J$9,Inputs!$H$6:$H$9))),0),"" ) | O110: =IF($A110<=Inputs!$B$13,IF(10<=Inputs!$B$8,IF(Inputs!$B$12>0,MAX(MIN(NORM.INV(RAND(),LOOKUP(Y110,Inputs!$J$6:$J$9,Inputs!$G$6:$G$9),LOOKUP(Y110,Inputs!$J$6:$J$9,Inputs!$H$6:$H$9)),Inputs!$B$12),-Inputs!$B$12),NORM.INV(RAND(),LOOKUP(Y110,Inputs!$J$6:$J$9,Inputs!$G$6:$G$9),LOOKUP(Y110,Inputs!$J$6:$J$9,Inputs!$H$6:$H$9))),0),"" ) | P110: =IF($A110<=Inputs!$B$13,RAND(),"") | Q110: =IF($A110<=Inputs!$B$13,RAND(),"") | R110: =IF($A110<=Inputs!$B$13,RAND(),"") | S110: =IF($A110<=Inputs!$B$13,RAND(),"") | T110: =IF($A110<=Inputs!$B$13,RAND(),"") | U110: =IF($A110<=Inputs!$B$13,RAND(),"") | V110: =IF($A110<=Inputs!$B$13,RAND(),"") | W110: =IF($A110<=Inputs!$B$13,RAND(),"") | ... Y110: =IF($A110<=Inputs!$B$13,RAND(),"")
... A5005: 5000 | B5005: =IF($A5005<=Inputs!$B$13,IF(Inputs!$B$8>0,SUM(F5005:O5005)/Inputs!$B$8,0),"") | C5005: =IF($A5005<=Inputs!$B$13,B5005/100,"") | D5005: =IF($A5005<=Inputs!$B$13,C5005*Inputs!$B$7,"") | E5005: =IF($A5005<=Inputs!$B$13,IF(D5005>0,1,0),"") | F5005: =IF($A5005<=Inputs!$B$13,IF(1<=Inputs!$B$8,IF(Inputs!$B$12>0,MAX(MIN(NORM.INV(RAND(),LOOKUP(P5005,Inputs!$J$6:$J$9,Inputs!$G$6:$G$9),LOOKUP(P5005,Inputs!$J$6:$J$9,Inputs!$H$6:$H$9)),Inputs!$B$12),-Inputs!$B$12),NORM.INV(RAND(),LOOKUP(P5005,Inputs!$J$6:$J$9,Inputs!$G$6:$G$9),LOOKUP(P5005,Inputs!$J$6:$J$9,Inputs!$H$6:$H$9))),0),"" ) | G5005: =IF($A5005<=Inputs!$B$13,IF(2<=Inputs!$B$8,IF(Inputs!$B$12>0,MAX(MIN(NORM.INV(RAND(),LOOKUP(Q5005,Inputs!$J$6:$J$9,Inputs!$G$6:$G$9),LOOKUP(Q5005,Inputs!$J$6:$J$9,Inputs!$H$6:$H$9)),Inputs!$B$12),-Inputs!$B$12),NORM.INV(RAND(),LOOKUP(Q5005,Inputs!$J$6:$J$9,Inputs!$G$6:$G$9),LOOKUP(Q5005,Inputs!$J$6:$J$9,Inputs!$H$6:$H$9))),0),"" ) | H5005: =IF($A5005<=Inputs!$B$13,IF(3<=Inputs!$B$8,IF(Inputs!$B$12>0,MAX(MIN(NORM.INV(RAND(),LOOKUP(R5005,Inputs!$J$6:$J$9,Inputs!$G$6:$G$9),LOOKUP(R5005,Inputs!$J$6:$J$9,Inputs!$H$6:$H$9)),Inputs!$B$12),-Inputs!$B$12),NORM.INV(RAND(),LOOKUP(R5005,Inputs!$J$6:$J$9,Inputs!$G$6:$G$9),LOOKUP(R5005,Inputs!$J$6:$J$9,Inputs!$H$6:$H$9))),0),"" ) | I5005: =IF($A5005<=Inputs!$B$13,IF(4<=Inputs!$B$8,IF(Inputs!$B$12>0,MAX(MIN(NORM.INV(RAND(),LOOKUP(S5005,Inputs!$J$6:$J$9,Inputs!$G$6:$G$9),LOOKUP(S5005,Inputs!$J$6:$J$9,Inputs!$H$6:$H$9)),Inputs!$B$12),-Inputs!$B$12),NORM.INV(RAND(),LOOKUP(S5005,Inputs!$J$6:$J$9,Inputs!$G$6:$G$9),LOOKUP(S5005,Inputs!$J$6:$J$9,Inputs!$H$6:$H$9))),0),"" ) | J5005: =IF($A5005<=Inputs!$B$13,IF(5<=Inputs!$B$8,IF(Inputs!$B$12>0,MAX(MIN(NORM.INV(RAND(),LOOKUP(T5005,Inputs!$J$6:$J$9,Inputs!$G$6:$G$9),LOOKUP(T5005,Inputs!$J$6:$J$9,Inputs!$H$6:$H$9)),Inputs!$B$12),-Inputs!$B$12),NORM.INV(RAND(),LOOKUP(T5005,Inputs!$J$6:$J$9,Inputs!$G$6:$G$9),LOOKUP(T5005,Inputs!$J$6:$J$9,Inputs!$H$6:$H$9))),0),"" ) | K5005: =IF($A5005<=Inputs!$B$13,IF(6<=Inputs!$B$8,IF(Inputs!$B$12>0,MAX(MIN(NORM.INV(RAND(),LOOKUP(U5005,Inputs!$J$6:$J$9,Inputs!$G$6:$G$9),LOOKUP(U5005,Inputs!$J$6:$J$9,Inputs!$H$6:$H$9)),Inputs!$B$12),-Inputs!$B$12),NORM.INV(RAND(),LOOKUP(U5005,Inputs!$J$6:$J$9,Inputs!$G$6:$G$9),LOOKUP(U5005,Inputs!$J$6:$J$9,Inputs!$H$6:$H$9))),0),"" ) | L5005: =IF($A5005<=Inputs!$B$13,IF(7<=Inputs!$B$8,IF(Inputs!$B$12>0,MAX(MIN(NORM.INV(RAND(),LOOKUP(V5005,Inputs!$J$6:$J$9,Inputs!$G$6:$G$9),LOOKUP(V5005,Inputs!$J$6:$J$9,Inputs!$H$6:$H$9)),Inputs!$B$12),-Inputs!$B$12),NORM.INV(RAND(),LOOKUP(V5005,Inputs!$J$6:$J$9,Inputs!$G$6:$G$9),LOOKUP(V5005,Inputs!$J$6:$J$9,Inputs!$H$6:$H$9))),0),"" ) | M5005: =IF($A5005<=Inputs!$B$13,IF(8<=Inputs!$B$8,IF(Inputs!$B$12>0,MAX(MIN(NORM.INV(RAND(),LOOKUP(W5005,Inputs!$J$6:$J$9,Inputs!$G$6:$G$9),LOOKUP(W5005,Inputs!$J$6:$J$9,Inputs!$H$6:$H$9)),Inputs!$B$12),-Inputs!$B$12),NORM.INV(RAND(),LOOKUP(W5005,Inputs!$J$6:$J$9,Inputs!$G$6:$G$9),LOOKUP(W5005,Inputs!$J$6:$J$9,Inputs!$H$6:$H$9))),0),"" ) | N5005: =IF($A5005<=Inputs!$B$13,IF(9<=Inputs!$B$8,IF(Inputs!$B$12>0,MAX(MIN(NORM.INV(RAND(),LOOKUP(X5005,Inputs!$J$6:$J$9,Inputs!$G$6:$G$9),LOOKUP(X5005,Inputs!$J$6:$J$9,Inputs!$H$6:$H$9)),Inputs!$B$12),-Inputs!$B$12),NORM.INV(RAND(),LOOKUP(X5005,Inputs!$J$6:$J$9,Inputs!$G$6:$G$9),LOOKUP(X5005,Inputs!$J$6:$J$9,Inputs!$H$6:$H$9))),0),"" ) | O5005: =IF($A5005<=Inputs!$B$13,IF(10<=Inputs!$B$8,IF(Inputs!$B$12>0,MAX(MIN(NORM.INV(RAND(),LOOKUP(Y5005,Inputs!$J$6:$J$9,Inputs!$G$6:$G$9),LOOKUP(Y5005,Inputs!$J$6:$J$9,Inputs!$H$6:$H$9)),Inputs!$B$12),-Inputs!$B$12),NORM.INV(RAND(),LOOKUP(Y5005,Inputs!$J$6:$J$9,Inputs!$G$6:$G$9),LOOKUP(Y5005,Inputs!$J$6:$J$9,Inputs!$H$6:$H$9))),0),"" ) | P5005: =IF($A5005<=Inputs!$B$13,RAND(),"") | Q5005: =IF($A5005<=Inputs!$B$13,RAND(),"") | R5005: =IF($A5005<=Inputs!$B$13,RAND(),"") | S5005: =IF($A5005<=Inputs!$B$13,RAND(),"") | T5005: =IF($A5005<=Inputs!$B$13,RAND(),"") | U5005: =IF($A5005<=Inputs!$B$13,RAND(),"") | V5005: =IF($A5005<=Inputs!$B$13,RAND(),"") | W5005: =IF($A5005<=Inputs!$B$13,RAND(),"") | ... Y5005: =IF($A5005<=Inputs!$B$13,RAND(),"")

Sheet Path_Sim
A1: Path Simulation (one random equity curve with optional deposits/withdrawals)
A3: Start date | B3: =Inputs!$B$5 | D3: Horizon (days) | E3: =Inputs!$B$6 | G3: Start capital ($) | H3: =Inputs!$B$7 | J3: Target ($) | K3: =Inputs!$B$9
A4: Markets/day | B4: =Inputs!$B$8 | D4: Skim mode | E4: =Inputs!$B$11 | G4: Skim threshold | H4: =Inputs!$B$10 | J4: Clamp (%) | K4: =Inputs!$B$12
A6: KPIs | E6: Manual cashflows (optional)
A7: Final capital ($) | B7: =INDEX($G:$G,20+Inputs!$B$6) | E7: Day # | F7: Amount ($) | G7: Note
A8: Max drawdown ($) | B8: =MIN($K$21:INDEX($K:$K,20+Inputs!$B$6)) | E8: 1 | F8: 0
A9: Max drawdown (%) | B9: =MIN($L$21:INDEX($L:$L,20+Inputs!$B$6)) | E9: 2 | F9: 0
A10: First day hit target | B10: =IFERROR(MATCH(1,$M$21:INDEX($M:$M,20+Inputs!$B$6),0),"") | E10: 3 | F10: 0
A11: Hit target? | B11: =--(COUNTIF($M$21:INDEX($M:$M,20+Inputs!$B$6),1)>0) | E11: 4 | F11: 0
E12: 5 | F12: 0
E13: 6 | F13: 0
E14: 7 | F14: 0
E15: 8 | F15: 0
E16: 9 | F16: 0
E17: 10 | F17: 0
A20: Day | B20: Date | C20: Start cap | D20: Manual CF | E20: Pre-skim end | F20: Skim out | G20: End cap | H20: Daily ret (%) | I20: Daily P&L ($) | J20: HWM | K20: DD ($) | L20: DD (%) | M20: Hit target? | N20: M1 ret (%) | O20: M2 ret (%) | P20: M3 ret (%) | Q20: M4 ret (%) | R20: M5 ret (%) | S20: M6 ret (%) | T20: M7 ret (%) | U20: M8 ret (%) | V20: M9 ret (%) | W20: M10 ret (%) | X20: u1 | Y20: u2 | Z20: u3 | AA20: u4 | AB20: u5 | AC20: u6 | AD20: u7 | AE20: u8 | AF20: u9 | AG20: u10
A21: 1 | B21: =IF(A21<=Inputs!$B$6,Inputs!$B$5 + A21-1,"") | C21: =IF(A21<=Inputs!$B$6,Inputs!$B$7,"") | D21: =IF(A21<=Inputs!$B$6,SUMIF($E$8:$E$17,A21,$F$8:$F$17),"") | E21: =IF(A21<=Inputs!$B$6,C21*(1+H21/100)+D21,"") | F21: =IF(A21<=Inputs!$B$6,IF(Inputs!$B$11=1,MAX(E21-Inputs!$B$10,0),0),"") | G21: =IF(A21<=Inputs!$B$6,E21-F21,"") | H21: =IF(A21<=Inputs!$B$6,IF(Inputs!$B$8>0,SUM(N21:W21)/Inputs!$B$8,0),"") | I21: =IF(A21<=Inputs!$B$6,C21*(H21/100),"") | J21: =IF(A21<=Inputs!$B$6,G21,"") | K21: =IF(A21<=Inputs!$B$6,G21-J21,"") | L21: =IF(A21<=Inputs!$B$6,IF(J21>0,(G21/J21)-1,0),"") | M21: =IF(A21<=Inputs!$B$6,--(G21>=Inputs!$B$9),"") | N21: =IF(A21<=Inputs!$B$6,IF(1<=Inputs!$B$8,IF(Inputs!$B$12>0,MAX(MIN(NORM.INV(RAND(),LOOKUP(X21,Inputs!$J$6:$J$9,Inputs!$G$6:$G$9),LOOKUP(X21,Inputs!$J$6:$J$9,Inputs!$H$6:$H$9)),Inputs!$B$12),-Inputs!$B$12),NORM.INV(RAND(),LOOKUP(X21,Inputs!$J$6:$J$9,Inputs!$G$6:$G$9),LOOKUP(X21,Inputs!$J$6:$J$9,Inputs!$H$6:$H$9))),0),"") | O21: =IF(A21<=Inputs!$B$6,IF(2<=Inputs!$B$8,IF(Inputs!$B$12>0,MAX(MIN(NORM.INV(RAND(),LOOKUP(Y21,Inputs!$J$6:$J$9,Inputs!$G$6:$G$9),LOOKUP(Y21,Inputs!$J$6:$J$9,Inputs!$H$6:$H$9)),Inputs!$B$12),-Inputs!$B$12),NORM.INV(RAND(),LOOKUP(Y21,Inputs!$J$6:$J$9,Inputs!$G$6:$G$9),LOOKUP(Y21,Inputs!$J$6:$J$9,Inputs!$H$6:$H$9))),0),"") | P21: =IF(A21<=Inputs!$B$6,IF(3<=Inputs!$B$8,IF(Inputs!$B$12>0,MAX(MIN(NORM.INV(RAND(),LOOKUP(Z21,Inputs!$J$6:$J$9,Inputs!$G$6:$G$9),LOOKUP(Z21,Inputs!$J$6:$J$9,Inputs!$H$6:$H$9)),Inputs!$B$12),-Inputs!$B$12),NORM.INV(RAND(),LOOKUP(Z21,Inputs!$J$6:$J$9,Inputs!$G$6:$G$9),LOOKUP(Z21,Inputs!$J$6:$J$9,Inputs!$H$6:$H$9))),0),"") | Q21: =IF(A21<=Inputs!$B$6,IF(4<=Inputs!$B$8,IF(Inputs!$B$12>0,MAX(MIN(NORM.INV(RAND(),LOOKUP(AA21,Inputs!$J$6:$J$9,Inputs!$G$6:$G$9),LOOKUP(AA21,Inputs!$J$6:$J$9,Inputs!$H$6:$H$9)),Inputs!$B$12),-Inputs!$B$12),NORM.INV(RAND(),LOOKUP(AA21,Inputs!$J$6:$J$9,Inputs!$G$6:$G$9),LOOKUP(AA21,Inputs!$J$6:$J$9,Inputs!$H$6:$H$9))),0),"") | R21: =IF(A21<=Inputs!$B$6,IF(5<=Inputs!$B$8,IF(Inputs!$B$12>0,MAX(MIN(NORM.INV(RAND(),LOOKUP(AB21,Inputs!$J$6:$J$9,Inputs!$G$6:$G$9),LOOKUP(AB21,Inputs!$J$6:$J$9,Inputs!$H$6:$H$9)),Inputs!$B$12),-Inputs!$B$12),NORM.INV(RAND(),LOOKUP(AB21,Inputs!$J$6:$J$9,Inputs!$G$6:$G$9),LOOKUP(AB21,Inputs!$J$6:$J$9,Inputs!$H$6:$H$9))),0),"") | S21: =IF(A21<=Inputs!$B$6,IF(6<=Inputs!$B$8,IF(Inputs!$B$12>0,MAX(MIN(NORM.INV(RAND(),LOOKUP(AC21,Inputs!$J$6:$J$9,Inputs!$G$6:$G$9),LOOKUP(AC21,Inputs!$J$6:$J$9,Inputs!$H$6:$H$9)),Inputs!$B$12),-Inputs!$B$12),NORM.INV(RAND(),LOOKUP(AC21,Inputs!$J$6:$J$9,Inputs!$G$6:$G$9),LOOKUP(AC21,Inputs!$J$6:$J$9,Inputs!$H$6:$H$9))),0),"") | T21: =IF(A21<=Inputs!$B$6,IF(7<=Inputs!$B$8,IF(Inputs!$B$12>0,MAX(MIN(NORM.INV(RAND(),LOOKUP(AD21,Inputs!$J$6:$J$9,Inputs!$G$6:$G$9),LOOKUP(AD21,Inputs!$J$6:$J$9,Inputs!$H$6:$H$9)),Inputs!$B$12),-Inputs!$B$12),NORM.INV(RAND(),LOOKUP(AD21,Inputs!$J$6:$J$9,Inputs!$G$6:$G$9),LOOKUP(AD21,Inputs!$J$6:$J$9,Inputs!$H$6:$H$9))),0),"") | U21: =IF(A21<=Inputs!$B$6,IF(8<=Inputs!$B$8,IF(Inputs!$B$12>0,MAX(MIN(NORM.INV(RAND(),LOOKUP(AE21,Inputs!$J$6:$J$9,Inputs!$G$6:$G$9),LOOKUP(AE21,Inputs!$J$6:$J$9,Inputs!$H$6:$H$9)),Inputs!$B$12),-Inputs!$B$12),NORM.INV(RAND(),LOOKUP(AE21,Inputs!$J$6:$J$9,Inputs!$G$6:$G$9),LOOKUP(AE21,Inputs!$J$6:$J$9,Inputs!$H$6:$H$9))),0),"") | V21: =IF(A21<=Inputs!$B$6,IF(9<=Inputs!$B$8,IF(Inputs!$B$12>0,MAX(MIN(NORM.INV(RAND(),LOOKUP(AF21,Inputs!$J$6:$J$9,Inputs!$G$6:$G$9),LOOKUP(AF21,Inputs!$J$6:$J$9,Inputs!$H$6:$H$9)),Inputs!$B$12),-Inputs!$B$12),NORM.INV(RAND(),LOOKUP(AF21,Inputs!$J$6:$J$9,Inputs!$G$6:$G$9),LOOKUP(AF21,Inputs!$J$6:$J$9,Inputs!$H$6:$H$9))),0),"") | W21: =IF(A21<=Inputs!$B$6,IF(10<=Inputs!$B$8,IF(Inputs!$B$12>0,MAX(MIN(NORM.INV(RAND(),LOOKUP(AG21,Inputs!$J$6:$J$9,Inputs!$G$6:$G$9),LOOKUP(AG21,Inputs!$J$6:$J$9,Inputs!$H$6:$H$9)),Inputs!$B$12),-Inputs!$B$12),NORM.INV(RAND(),LOOKUP(AG21,Inputs!$J$6:$J$9,Inputs!$G$6:$G$9),LOOKUP(AG21,Inputs!$J$6:$J$9,Inputs!$H$6:$H$9))),0),"") | X21: =IF(A21<=Inputs!$B$6,RAND(),"") | Y21: =IF(A21<=Inputs!$B$6,RAND(),"") | Z21: =IF(A21<=Inputs!$B$6,RAND(),"") | AA21: =IF(A21<=Inputs!$B$6,RAND(),"") | AB21: =IF(A21<=Inputs!$B$6,RAND(),"") | AC21: =IF(A21<=Inputs!$B$6,RAND(),"") | AD21: =IF(A21<=Inputs!$B$6,RAND(),"") | AE21: =IF(A21<=Inputs!$B$6,RAND(),"") | AF21: =IF(A21<=Inputs!$B$6,RAND(),"") | AG21: =IF(A21<=Inputs!$B$6,RAND(),"")
A22: 2 | B22: =IF(A22<=Inputs!$B$6,Inputs!$B$5 + A22-1,"") | C22: =IF(A22<=Inputs!$B$6,G21,"") | D22: =IF(A22<=Inputs!$B$6,SUMIF($E$8:$E$17,A22,$F$8:$F$17),"") | E22: =IF(A22<=Inputs!$B$6,C22*(1+H22/100)+D22,"") | F22: =IF(A22<=Inputs!$B$6,IF(Inputs!$B$11=1,MAX(E22-Inputs!$B$10,0),0),"") | G22: =IF(A22<=Inputs!$B$6,E22-F22,"") | H22: =IF(A22<=Inputs!$B$6,IF(Inputs!$B$8>0,SUM(N22:W22)/Inputs!$B$8,0),"") | I22: =IF(A22<=Inputs!$B$6,C22*(H22/100),"") | J22: =IF(A22<=Inputs!$B$6,MAX(J21,G22),"") | K22: =IF(A22<=Inputs!$B$6,G22-J22,"") | L22: =IF(A22<=Inputs!$B$6,IF(J22>0,(G22/J22)-1,0),"") | M22: =IF(A22<=Inputs!$B$6,--(G22>=Inputs!$B$9),"") | N22: =IF(A22<=Inputs!$B$6,IF(1<=Inputs!$B$8,IF(Inputs!$B$12>0,MAX(MIN(NORM.INV(RAND(),LOOKUP(X22,Inputs!$J$6:$J$9,Inputs!$G$6:$G$9),LOOKUP(X22,Inputs!$J$6:$J$9,Inputs!$H$6:$H$9)),Inputs!$B$12),-Inputs!$B$12),NORM.INV(RAND(),LOOKUP(X22,Inputs!$J$6:$J$9,Inputs!$G$6:$G$9),LOOKUP(X22,Inputs!$J$6:$J$9,Inputs!$H$6:$H$9))),0),"") | O22: =IF(A22<=Inputs!$B$6,IF(2<=Inputs!$B$8,IF(Inputs!$B$12>0,MAX(MIN(NORM.INV(RAND(),LOOKUP(Y22,Inputs!$J$6:$J$9,Inputs!$G$6:$G$9),LOOKUP(Y22,Inputs!$J$6:$J$9,Inputs!$H$6:$H$9)),Inputs!$B$12),-Inputs!$B$12),NORM.INV(RAND(),LOOKUP(Y22,Inputs!$J$6:$J$9,Inputs!$G$6:$G$9),LOOKUP(Y22,Inputs!$J$6:$J$9,Inputs!$H$6:$H$9))),0),"") | P22: =IF(A22<=Inputs!$B$6,IF(3<=Inputs!$B$8,IF(Inputs!$B$12>0,MAX(MIN(NORM.INV(RAND(),LOOKUP(Z22,Inputs!$J$6:$J$9,Inputs!$G$6:$G$9),LOOKUP(Z22,Inputs!$J$6:$J$9,Inputs!$H$6:$H$9)),Inputs!$B$12),-Inputs!$B$12),NORM.INV(RAND(),LOOKUP(Z22,Inputs!$J$6:$J$9,Inputs!$G$6:$G$9),LOOKUP(Z22,Inputs!$J$6:$J$9,Inputs!$H$6:$H$9))),0),"") | Q22: =IF(A22<=Inputs!$B$6,IF(4<=Inputs!$B$8,IF(Inputs!$B$12>0,MAX(MIN(NORM.INV(RAND(),LOOKUP(AA22,Inputs!$J$6:$J$9,Inputs!$G$6:$G$9),LOOKUP(AA22,Inputs!$J$6:$J$9,Inputs!$H$6:$H$9)),Inputs!$B$12),-Inputs!$B$12),NORM.INV(RAND(),LOOKUP(AA22,Inputs!$J$6:$J$9,Inputs!$G$6:$G$9),LOOKUP(AA22,Inputs!$J$6:$J$9,Inputs!$H$6:$H$9))),0),"") | R22: =IF(A22<=Inputs!$B$6,IF(5<=Inputs!$B$8,IF(Inputs!$B$12>0,MAX(MIN(NORM.INV(RAND(),LOOKUP(AB22,Inputs!$J$6:$J$9,Inputs!$G$6:$G$9),LOOKUP(AB22,Inputs!$J$6:$J$9,Inputs!$H$6:$H$9)),Inputs!$B$12),-Inputs!$B$12),NORM.INV(RAND(),LOOKUP(AB22,Inputs!$J$6:$J$9,Inputs!$G$6:$G$9),LOOKUP(AB22,Inputs!$J$6:$J$9,Inputs!$H$6:$H$9))),0),"") | S22: =IF(A22<=Inputs!$B$6,IF(6<=Inputs!$B$8,IF(Inputs!$B$12>0,MAX(MIN(NORM.INV(RAND(),LOOKUP(AC22,Inputs!$J$6:$J$9,Inputs!$G$6:$G$9),LOOKUP(AC22,Inputs!$J$6:$J$9,Inputs!$H$6:$H$9)),Inputs!$B$12),-Inputs!$B$12),NORM.INV(RAND(),LOOKUP(AC22,Inputs!$J$6:$J$9,Inputs!$G$6:$G$9),LOOKUP(AC22,Inputs!$J$6:$J$9,Inputs!$H$6:$H$9))),0),"") | T22: =IF(A22<=Inputs!$B$6,IF(7<=Inputs!$B$8,IF(Inputs!$B$12>0,MAX(MIN(NORM.INV(RAND(),LOOKUP(AD22,Inputs!$J$6:$J$9,Inputs!$G$6:$G$9),LOOKUP(AD22,Inputs!$J$6:$J$9,Inputs!$H$6:$H$9)),Inputs!$B$12),-Inputs!$B$12),NORM.INV(RAND(),LOOKUP(AD22,Inputs!$J$6:$J$9,Inputs!$G$6:$G$9),LOOKUP(AD22,Inputs!$J$6:$J$9,Inputs!$H$6:$H$9))),0),"") | U22: =IF(A22<=Inputs!$B$6,IF(8<=Inputs!$B$8,IF(Inputs!$B$12>0,MAX(MIN(NORM.INV(RAND(),LOOKUP(AE22,Inputs!$J$6:$J$9,Inputs!$G$6:$G$9),LOOKUP(AE22,Inputs!$J$6:$J$9,Inputs!$H$6:$H$9)),Inputs!$B$12),-Inputs!$B$12),NORM.INV(RAND(),LOOKUP(AE22,Inputs!$J$6:$J$9,Inputs!$G$6:$G$9),LOOKUP(AE22,Inputs!$J$6:$J$9,Inputs!$H$6:$H$9))),0),"") | V22: =IF(A22<=Inputs!$B$6,IF(9<=Inputs!$B$8,IF(Inputs!$B$12>0,MAX(MIN(NORM.INV(RAND(),LOOKUP(AF22,Inputs!$J$6:$J$9,Inputs!$G$6:$G$9),LOOKUP(AF22,Inputs!$J$6:$J$9,Inputs!$H$6:$H$9)),Inputs!$B$12),-Inputs!$B$12),NORM.INV(RAND(),LOOKUP(AF22,Inputs!$J$6:$J$9,Inputs!$G$6:$G$9),LOOKUP(AF22,Inputs!$J$6:$J$9,Inputs!$H$6:$H$9))),0),"") | W22: =IF(A22<=Inputs!$B$6,IF(10<=Inputs!$B$8,IF(Inputs!$B$12>0,MAX(MIN(NORM.INV(RAND(),LOOKUP(AG22,Inputs!$J$6:$J$9,Inputs!$G$6:$G$9),LOOKUP(AG22,Inputs!$J$6:$J$9,Inputs!$H$6:$H$9)),Inputs!$B$12),-Inputs!$B$12),NORM.INV(RAND(),LOOKUP(AG22,Inputs!$J$6:$J$9,Inputs!$G$6:$G$9),LOOKUP(AG22,Inputs!$J$6:$J$9,Inputs!$H$6:$H$9))),0),"") | X22: =IF(A22<=Inputs!$B$6,RAND(),"") | Y22: =IF(A22<=Inputs!$B$6,RAND(),"") | Z22: =IF(A22<=Inputs!$B$6,RAND(),"") | AA22: =IF(A22<=Inputs!$B$6,RAND(),"") | AB22: =IF(A22<=Inputs!$B$6,RAND(),"") | AC22: =IF(A22<=Inputs!$B$6,RAND(),"") | AD22: =IF(A22<=Inputs!$B$6,RAND(),"") | AE22: =IF(A22<=Inputs!$B$6,RAND(),"") | AF22: =IF(A22<=Inputs!$B$6,RAND(),"") | AG22: =IF(A22<=Inputs!$B$6,RAND(),"")
A23: 3 | B23: =IF(A23<=Inputs!$B$6,Inputs!$B$5 + A23-1,"") | C23: =IF(A23<=Inputs!$B$6,G22,"") | D23: =IF(A23<=Inputs!$B$6,SUMIF($E$8:$E$17,A23,$F$8:$F$17),"") | E23: =IF(A23<=Inputs!$B$6,C23*(1+H23/100)+D23,"") | F23: =IF(A23<=Inputs!$B$6,IF(Inputs!$B$11=1,MAX(E23-Inputs!$B$10,0),0),"") | G23: =IF(A23<=Inputs!$B$6,E23-F23,"") | H23: =IF(A23<=Inputs!$B$6,IF(Inputs!$B$8>0,SUM(N23:W23)/Inputs!$B$8,0),"") | I23: =IF(A23<=Inputs!$B$6,C23*(H23/100),"") | J23: =IF(A23<=Inputs!$B$6,MAX(J22,G23),"") | K23: =IF(A23<=Inputs!$B$6,G23-J23,"") | L23: =IF(A23<=Inputs!$B$6,IF(J23>0,(G23/J23)-1,0),"") | M23: =IF(A23<=Inputs!$B$6,--(G23>=Inputs!$B$9),"") | N23: =IF(A23<=Inputs!$B$6,IF(1<=Inputs!$B$8,IF(Inputs!$B$12>0,MAX(MIN(NORM.INV(RAND(),LOOKUP(X23,Inputs!$J$6:$J$9,Inputs!$G$6:$G$9),LOOKUP(X23,Inputs!$J$6:$J$9,Inputs!$H$6:$H$9)),Inputs!$B$12),-Inputs!$B$12),NORM.INV(RAND(),LOOKUP(X23,Inputs!$J$6:$J$9,Inputs!$G$6:$G$9),LOOKUP(X23,Inputs!$J$6:$J$9,Inputs!$H$6:$H$9))),0),"") | O23: =IF(A23<=Inputs!$B$6,IF(2<=Inputs!$B$8,IF(Inputs!$B$12>0,MAX(MIN(NORM.INV(RAND(),LOOKUP(Y23,Inputs!$J$6:$J$9,Inputs!$G$6:$G$9),LOOKUP(Y23,Inputs!$J$6:$J$9,Inputs!$H$6:$H$9)),Inputs!$B$12),-Inputs!$B$12),NORM.INV(RAND(),LOOKUP(Y23,Inputs!$J$6:$J$9,Inputs!$G$6:$G$9),LOOKUP(Y23,Inputs!$J$6:$J$9,Inputs!$H$6:$H$9))),0),"") | P23: =IF(A23<=Inputs!$B$6,IF(3<=Inputs!$B$8,IF(Inputs!$B$12>0,MAX(MIN(NORM.INV(RAND(),LOOKUP(Z23,Inputs!$J$6:$J$9,Inputs!$G$6:$G$9),LOOKUP(Z23,Inputs!$J$6:$J$9,Inputs!$H$6:$H$9)),Inputs!$B$12),-Inputs!$B$12),NORM.INV(RAND(),LOOKUP(Z23,Inputs!$J$6:$J$9,Inputs!$G$6:$G$9),LOOKUP(Z23,Inputs!$J$6:$J$9,Inputs!$H$6:$H$9))),0),"") | Q23: =IF(A23<=Inputs!$B$6,IF(4<=Inputs!$B$8,IF(Inputs!$B$12>0,MAX(MIN(NORM.INV(RAND(),LOOKUP(AA23,Inputs!$J$6:$J$9,Inputs!$G$6:$G$9),LOOKUP(AA23,Inputs!$J$6:$J$9,Inputs!$H$6:$H$9)),Inputs!$B$12),-Inputs!$B$12),NORM.INV(RAND(),LOOKUP(AA23,Inputs!$J$6:$J$9,Inputs!$G$6:$G$9),LOOKUP(AA23,Inputs!$J$6:$J$9,Inputs!$H$6:$H$9))),0),"") | R23: =IF(A23<=Inputs!$B$6,IF(5<=Inputs!$B$8,IF(Inputs!$B$12>0,MAX(MIN(NORM.INV(RAND(),LOOKUP(AB23,Inputs!$J$6:$J$9,Inputs!$G$6:$G$9),LOOKUP(AB23,Inputs!$J$6:$J$9,Inputs!$H$6:$H$9)),Inputs!$B$12),-Inputs!$B$12),NORM.INV(RAND(),LOOKUP(AB23,Inputs!$J$6:$J$9,Inputs!$G$6:$G$9),LOOKUP(AB23,Inputs!$J$6:$J$9,Inputs!$H$6:$H$9))),0),"") | S23: =IF(A23<=Inputs!$B$6,IF(6<=Inputs!$B$8,IF(Inputs!$B$12>0,MAX(MIN(NORM.INV(RAND(),LOOKUP(AC23,Inputs!$J$6:$J$9,Inputs!$G$6:$G$9),LOOKUP(AC23,Inputs!$J$6:$J$9,Inputs!$H$6:$H$9)),Inputs!$B$12),-Inputs!$B$12),NORM.INV(RAND(),LOOKUP(AC23,Inputs!$J$6:$J$9,Inputs!$G$6:$G$9),LOOKUP(AC23,Inputs!$J$6:$J$9,Inputs!$H$6:$H$9))),0),"") | T23: =IF(A23<=Inputs!$B$6,IF(7<=Inputs!$B$8,IF(Inputs!$B$12>0,MAX(MIN(NORM.INV(RAND(),LOOKUP(AD23,Inputs!$J$6:$J$9,Inputs!$G$6:$G$9),LOOKUP(AD23,Inputs!$J$6:$J$9,Inputs!$H$6:$H$9)),Inputs!$B$12),-Inputs!$B$12),NORM.INV(RAND(),LOOKUP(AD23,Inputs!$J$6:$J$9,Inputs!$G$6:$G$9),LOOKUP(AD23,Inputs!$J$6:$J$9,Inputs!$H$6:$H$9))),0),"") | U23: =IF(A23<=Inputs!$B$6,IF(8<=Inputs!$B$8,IF(Inputs!$B$12>0,MAX(MIN(NORM.INV(RAND(),LOOKUP(AE23,Inputs!$J$6:$J$9,Inputs!$G$6:$G$9),LOOKUP(AE23,Inputs!$J$6:$J$9,Inputs!$H$6:$H$9)),Inputs!$B$12),-Inputs!$B$12),NORM.INV(RAND(),LOOKUP(AE23,Inputs!$J$6:$J$9,Inputs!$G$6:$G$9),LOOKUP(AE23,Inputs!$J$6:$J$9,Inputs!$H$6:$H$9))),0),"") | V23: =IF(A23<=Inputs!$B$6,IF(9<=Inputs!$B$8,IF(Inputs!$B$12>0,MAX(MIN(NORM.INV(RAND(),LOOKUP(AF23,Inputs!$J$6:$J$9,Inputs!$G$6:$G$9),LOOKUP(AF23,Inputs!$J$6:$J$9,Inputs!$H$6:$H$9)),Inputs!$B$12),-Inputs!$B$12),NORM.INV(RAND(),LOOKUP(AF23,Inputs!$J$6:$J$9,Inputs!$G$6:$G$9),LOOKUP(AF23,Inputs!$J$6:$J$9,Inputs!$H$6:$H$9))),0),"") | W23: =IF(A23<=Inputs!$B$6,IF(10<=Inputs!$B$8,IF(Inputs!$B$12>0,MAX(MIN(NORM.INV(RAND(),LOOKUP(AG23,Inputs!$J$6:$J$9,Inputs!$G$6:$G$9),LOOKUP(AG23,Inputs!$J$6:$J$9,Inputs!$H$6:$H$9)),Inputs!$B$12),-Inputs!$B$12),NORM.INV(RAND(),LOOKUP(AG23,Inputs!$J$6:$J$9,Inputs!$G$6:$G$9),LOOKUP(AG23,Inputs!$J$6:$J$9,Inputs!$H$6:$H$9))),0),"") | X23: =IF(A23<=Inputs!$B$6,RAND(),"") | Y23: =IF(A23<=Inputs!$B$6,RAND(),"") | Z23: =IF(A23<=Inputs!$B$6,RAND(),"") | AA23: =IF(A23<=Inputs!$B$6,RAND(),"") | AB23: =IF(A23<=Inputs!$B$6,RAND(),"") | AC23: =IF(A23<=Inputs!$B$6,RAND(),"") | AD23: =IF(A23<=Inputs!$B$6,RAND(),"") | AE23: =IF(A23<=Inputs!$B$6,RAND(),"") | AF23: =IF(A23<=Inputs!$B$6,RAND(),"") | AG23: =IF(A23<=Inputs!$B$6,RAND(),"")
A24: 4 | B24: =IF(A24<=Inputs!$B$6,Inputs!$B$5 + A24-1,"") | C24: =IF(A24<=Inputs!$B$6,G23,"") | D24: =IF(A24<=Inputs!$B$6,SUMIF($E$8:$E$17,A24,$F$8:$F$17),"") | E24: =IF(A24<=Inputs!$B$6,C24*(1+H24/100)+D24,"") | F24: =IF(A24<=Inputs!$B$6,IF(Inputs!$B$11=1,MAX(E24-Inputs!$B$10,0),0),"") | G24: =IF(A24<=Inputs!$B$6,E24-F24,"") | H24: =IF(A24<=Inputs!$B$6,IF(Inputs!$B$8>0,SUM(N24:W24)/Inputs!$B$8,0),"") | I24: =IF(A24<=Inputs!$B$6,C24*(H24/100),"") | J24: =IF(A24<=Inputs!$B$6,MAX(J23,G24),"") | K24: =IF(A24<=Inputs!$B$6,G24-J24,"") | L24: =IF(A24<=Inputs!$B$6,IF(J24>0,(G24/J24)-1,0),"") | M24: =IF(A24<=Inputs!$B$6,--(G24>=Inputs!$B$9),"") | N24: =IF(A24<=Inputs!$B$6,IF(1<=Inputs!$B$8,IF(Inputs!$B$12>0,MAX(MIN(NORM.INV(RAND(),LOOKUP(X24,Inputs!$J$6:$J$9,Inputs!$G$6:$G$9),LOOKUP(X24,Inputs!$J$6:$J$9,Inputs!$H$6:$H$9)),Inputs!$B$12),-Inputs!$B$12),NORM.INV(RAND(),LOOKUP(X24,Inputs!$J$6:$J$9,Inputs!$G$6:$G$9),LOOKUP(X24,Inputs!$J$6:$J$9,Inputs!$H$6:$H$9))),0),"") | O24: =IF(A24<=Inputs!$B$6,IF(2<=Inputs!$B$8,IF(Inputs!$B$12>0,MAX(MIN(NORM.INV(RAND(),LOOKUP(Y24,Inputs!$J$6:$J$9,Inputs!$G$6:$G$9),LOOKUP(Y24,Inputs!$J$6:$J$9,Inputs!$H$6:$H$9)),Inputs!$B$12),-Inputs!$B$12),NORM.INV(RAND(),LOOKUP(Y24,Inputs!$J$6:$J$9,Inputs!$G$6:$G$9),LOOKUP(Y24,Inputs!$J$6:$J$9,Inputs!$H$6:$H$9))),0),"") | P24: =IF(A24<=Inputs!$B$6,IF(3<=Inputs!$B$8,IF(Inputs!$B$12>0,MAX(MIN(NORM.INV(RAND(),LOOKUP(Z24,Inputs!$J$6:$J$9,Inputs!$G$6:$G$9),LOOKUP(Z24,Inputs!$J$6:$J$9,Inputs!$H$6:$H$9)),Inputs!$B$12),-Inputs!$B$12),NORM.INV(RAND(),LOOKUP(Z24,Inputs!$J$6:$J$9,Inputs!$G$6:$G$9),LOOKUP(Z24,Inputs!$J$6:$J$9,Inputs!$H$6:$H$9))),0),"") | Q24: =IF(A24<=Inputs!$B$6,IF(4<=Inputs!$B$8,IF(Inputs!$B$12>0,MAX(MIN(NORM.INV(RAND(),LOOKUP(AA24,Inputs!$J$6:$J$9,Inputs!$G$6:$G$9),LOOKUP(AA24,Inputs!$J$6:$J$9,Inputs!$H$6:$H$9)),Inputs!$B$12),-Inputs!$B$12),NORM.INV(RAND(),LOOKUP(AA24,Inputs!$J$6:$J$9,Inputs!$G$6:$G$9),LOOKUP(AA24,Inputs!$J$6:$J$9,Inputs!$H$6:$H$9))),0),"") | R24: =IF(A24<=Inputs!$B$6,IF(5<=Inputs!$B$8,IF(Inputs!$B$12>0,MAX(MIN(NORM.INV(RAND(),LOOKUP(AB24,Inputs!$J$6:$J$9,Inputs!$G$6:$G$9),LOOKUP(AB24,Inputs!$J$6:$J$9,Inputs!$H$6:$H$9)),Inputs!$B$12),-Inputs!$B$12),NORM.INV(RAND(),LOOKUP(AB24,Inputs!$J$6:$J$9,Inputs!$G$6:$G$9),LOOKUP(AB24,Inputs!$J$6:$J$9,Inputs!$H$6:$H$9))),0),"") | S24: =IF(A24<=Inputs!$B$6,IF(6<=Inputs!$B$8,IF(Inputs!$B$12>0,MAX(MIN(NORM.INV(RAND(),LOOKUP(AC24,Inputs!$J$6:$J$9,Inputs!$G$6:$G$9),LOOKUP(AC24,Inputs!$J$6:$J$9,Inputs!$H$6:$H$9)),Inputs!$B$12),-Inputs!$B$12),NORM.INV(RAND(),LOOKUP(AC24,Inputs!$J$6:$J$9,Inputs!$G$6:$G$9),LOOKUP(AC24,Inputs!$J$6:$J$9,Inputs!$H$6:$H$9))),0),"") | T24: =IF(A24<=Inputs!$B$6,IF(7<=Inputs!$B$8,IF(Inputs!$B$12>0,MAX(MIN(NORM.INV(RAND(),LOOKUP(AD24,Inputs!$J$6:$J$9,Inputs!$G$6:$G$9),LOOKUP(AD24,Inputs!$J$6:$J$9,Inputs!$H$6:$H$9)),Inputs!$B$12),-Inputs!$B$12),NORM.INV(RAND(),LOOKUP(AD24,Inputs!$J$6:$J$9,Inputs!$G$6:$G$9),LOOKUP(AD24,Inputs!$J$6:$J$9,Inputs!$H$6:$H$9))),0),"") | U24: =IF(A24<=Inputs!$B$6,IF(8<=Inputs!$B$8,IF(Inputs!$B$12>0,MAX(MIN(NORM.INV(RAND(),LOOKUP(AE24,Inputs!$J$6:$J$9,Inputs!$G$6:$G$9),LOOKUP(AE24,Inputs!$J$6:$J$9,Inputs!$H$6:$H$9)),Inputs!$B$12),-Inputs!$B$12),NORM.INV(RAND(),LOOKUP(AE24,Inputs!$J$6:$J$9,Inputs!$G$6:$G$9),LOOKUP(AE24,Inputs!$J$6:$J$9,Inputs!$H$6:$H$9))),0),"") | V24: =IF(A24<=Inputs!$B$6,IF(9<=Inputs!$B$8,IF(Inputs!$B$12>0,MAX(MIN(NORM.INV(RAND(),LOOKUP(AF24,Inputs!$J$6:$J$9,Inputs!$G$6:$G$9),LOOKUP(AF24,Inputs!$J$6:$J$9,Inputs!$H$6:$H$9)),Inputs!$B$12),-Inputs!$B$12),NORM.INV(RAND(),LOOKUP(AF24,Inputs!$J$6:$J$9,Inputs!$G$6:$G$9),LOOKUP(AF24,Inputs!$J$6:$J$9,Inputs!$H$6:$H$9))),0),"") | W24: =IF(A24<=Inputs!$B$6,IF(10<=Inputs!$B$8,IF(Inputs!$B$12>0,MAX(MIN(NORM.INV(RAND(),LOOKUP(AG24,Inputs!$J$6:$J$9,Inputs!$G$6:$G$9),LOOKUP(AG24,Inputs!$J$6:$J$9,Inputs!$H$6:$H$9)),Inputs!$B$12),-Inputs!$B$12),NORM.INV(RAND(),LOOKUP(AG24,Inputs!$J$6:$J$9,Inputs!$G$6:$G$9),LOOKUP(AG24,Inputs!$J$6:$J$9,Inputs!$H$6:$H$9))),0),"") | X24: =IF(A24<=Inputs!$B$6,RAND(),"") | Y24: =IF(A24<=Inputs!$B$6,RAND(),"") | Z24: =IF(A24<=Inputs!$B$6,RAND(),"") | AA24: =IF(A24<=Inputs!$B$6,RAND(),"") | AB24: =IF(A24<=Inputs!$B$6,RAND(),"") | AC24: =IF(A24<=Inputs!$B$6,RAND(),"") | AD24: =IF(A24<=Inputs!$B$6,RAND(),"") | AE24: =IF(A24<=Inputs!$B$6,RAND(),"") | AF24: =IF(A24<=Inputs!$B$6,RAND(),"") | AG24: =IF(A24<=Inputs!$B$6,RAND(),"")
A25: 5 | B25: =IF(A25<=Inputs!$B$6,Inputs!$B$5 + A25-1,"") | C25: =IF(A25<=Inputs!$B$6,G24,"") | D25: =IF(A25<=Inputs!$B$6,SUMIF($E$8:$E$17,A25,$F$8:$F$17),"") | E25: =IF(A25<=Inputs!$B$6,C25*(1+H25/100)+D25,"") | F25: =IF(A25<=Inputs!$B$6,IF(Inputs!$B$11=1,MAX(E25-Inputs!$B$10,0),0),"") | G25: =IF(A25<=Inputs!$B$6,E25-F25,"") | H25: =IF(A25<=Inputs!$B$6,IF(Inputs!$B$8>0,SUM(N25:W25)/Inputs!$B$8,0),"") | I25: =IF(A25<=Inputs!$B$6,C25*(H25/100),"") | J25: =IF(A25<=Inputs!$B$6,MAX(J24,G25),"") | K25: =IF(A25<=Inputs!$B$6,G25-J25,"") | L25: =IF(A25<=Inputs!$B$6,IF(J25>0,(G25/J25)-1,0),"") | M25: =IF(A25<=Inputs!$B$6,--(G25>=Inputs!$B$9),"") | N25: =IF(A25<=Inputs!$B$6,IF(1<=Inputs!$B$8,IF(Inputs!$B$12>0,MAX(MIN(NORM.INV(RAND(),LOOKUP(X25,Inputs!$J$6:$J$9,Inputs!$G$6:$G$9),LOOKUP(X25,Inputs!$J$6:$J$9,Inputs!$H$6:$H$9)),Inputs!$B$12),-Inputs!$B$12),NORM.INV(RAND(),LOOKUP(X25,Inputs!$J$6:$J$9,Inputs!$G$6:$G$9),LOOKUP(X25,Inputs!$J$6:$J$9,Inputs!$H$6:$H$9))),0),"") | O25: =IF(A25<=Inputs!$B$6,IF(2<=Inputs!$B$8,IF(Inputs!$B$12>0,MAX(MIN(NORM.INV(RAND(),LOOKUP(Y25,Inputs!$J$6:$J$9,Inputs!$G$6:$G$9),LOOKUP(Y25,Inputs!$J$6:$J$9,Inputs!$H$6:$H$9)),Inputs!$B$12),-Inputs!$B$12),NORM.INV(RAND(),LOOKUP(Y25,Inputs!$J$6:$J$9,Inputs!$G$6:$G$9),LOOKUP(Y25,Inputs!$J$6:$J$9,Inputs!$H$6:$H$9))),0),"") | P25: =IF(A25<=Inputs!$B$6,IF(3<=Inputs!$B$8,IF(Inputs!$B$12>0,MAX(MIN(NORM.INV(RAND(),LOOKUP(Z25,Inputs!$J$6:$J$9,Inputs!$G$6:$G$9),LOOKUP(Z25,Inputs!$J$6:$J$9,Inputs!$H$6:$H$9)),Inputs!$B$12),-Inputs!$B$12),NORM.INV(RAND(),LOOKUP(Z25,Inputs!$J$6:$J$9,Inputs!$G$6:$G$9),LOOKUP(Z25,Inputs!$J$6:$J$9,Inputs!$H$6:$H$9))),0),"") | Q25: =IF(A25<=Inputs!$B$6,IF(4<=Inputs!$B$8,IF(Inputs!$B$12>0,MAX(MIN(NORM.INV(RAND(),LOOKUP(AA25,Inputs!$J$6:$J$9,Inputs!$G$6:$G$9),LOOKUP(AA25,Inputs!$J$6:$J$9,Inputs!$H$6:$H$9)),Inputs!$B$12),-Inputs!$B$12),NORM.INV(RAND(),LOOKUP(AA25,Inputs!$J$6:$J$9,Inputs!$G$6:$G$9),LOOKUP(AA25,Inputs!$J$6:$J$9,Inputs!$H$6:$H$9))),0),"") | R25: =IF(A25<=Inputs!$B$6,IF(5<=Inputs!$B$8,IF(Inputs!$B$12>0,MAX(MIN(NORM.INV(RAND(),LOOKUP(AB25,Inputs!$J$6:$J$9,Inputs!$G$6:$G$9),LOOKUP(AB25,Inputs!$J$6:$J$9,Inputs!$H$6:$H$9)),Inputs!$B$12),-Inputs!$B$12),NORM.INV(RAND(),LOOKUP(AB25,Inputs!$J$6:$J$9,Inputs!$G$6:$G$9),LOOKUP(AB25,Inputs!$J$6:$J$9,Inputs!$H$6:$H$9))),0),"") | S25: =IF(A25<=Inputs!$B$6,IF(6<=Inputs!$B$8,IF(Inputs!$B$12>0,MAX(MIN(NORM.INV(RAND(),LOOKUP(AC25,Inputs!$J$6:$J$9,Inputs!$G$6:$G$9),LOOKUP(AC25,Inputs!$J$6:$J$9,Inputs!$H$6:$H$9)),Inputs!$B$12),-Inputs!$B$12),NORM.INV(RAND(),LOOKUP(AC25,Inputs!$J$6:$J$9,Inputs!$G$6:$G$9),LOOKUP(AC25,Inputs!$J$6:$J$9,Inputs!$H$6:$H$9))),0),"") | T25: =IF(A25<=Inputs!$B$6,IF(7<=Inputs!$B$8,IF(Inputs!$B$12>0,MAX(MIN(NORM.INV(RAND(),LOOKUP(AD25,Inputs!$J$6:$J$9,Inputs!$G$6:$G$9),LOOKUP(AD25,Inputs!$J$6:$J$9,Inputs!$H$6:$H$9)),Inputs!$B$12),-Inputs!$B$12),NORM.INV(RAND(),LOOKUP(AD25,Inputs!$J$6:$J$9,Inputs!$G$6:$G$9),LOOKUP(AD25,Inputs!$J$6:$J$9,Inputs!$H$6:$H$9))),0),"") | U25: =IF(A25<=Inputs!$B$6,IF(8<=Inputs!$B$8,IF(Inputs!$B$12>0,MAX(MIN(NORM.INV(RAND(),LOOKUP(AE25,Inputs!$J$6:$J$9,Inputs!$G$6:$G$9),LOOKUP(AE25,Inputs!$J$6:$J$9,Inputs!$H$6:$H$9)),Inputs!$B$12),-Inputs!$B$12),NORM.INV(RAND(),LOOKUP(AE25,Inputs!$J$6:$J$9,Inputs!$G$6:$G$9),LOOKUP(AE25,Inputs!$J$6:$J$9,Inputs!$H$6:$H$9))),0),"") | V25: =IF(A25<=Inputs!$B$6,IF(9<=Inputs!$B$8,IF(Inputs!$B$12>0,MAX(MIN(NORM.INV(RAND(),LOOKUP(AF25,Inputs!$J$6:$J$9,Inputs!$G$6:$G$9),LOOKUP(AF25,Inputs!$J$6:$J$9,Inputs!$H$6:$H$9)),Inputs!$B$12),-Inputs!$B$12),NORM.INV(RAND(),LOOKUP(AF25,Inputs!$J$6:$J$9,Inputs!$G$6:$G$9),LOOKUP(AF25,Inputs!$J$6:$J$9,Inputs!$H$6:$H$9))),0),"") | W25: =IF(A25<=Inputs!$B$6,IF(10<=Inputs!$B$8,IF(Inputs!$B$12>0,MAX(MIN(NORM.INV(RAND(),LOOKUP(AG25,Inputs!$J$6:$J$9,Inputs!$G$6:$G$9),LOOKUP(AG25,Inputs!$J$6:$J$9,Inputs!$H$6:$H$9)),Inputs!$B$12),-Inputs!$B$12),NORM.INV(RAND(),LOOKUP(AG25,Inputs!$J$6:$J$9,Inputs!$G$6:$G$9),LOOKUP(AG25,Inputs!$J$6:$J$9,Inputs!$H$6:$H$9))),0),"") | X25: =IF(A25<=Inputs!$B$6,RAND(),"") | Y25: =IF(A25<=Inputs!$B$6,RAND(),"") | Z25: =IF(A25<=Inputs!$B$6,RAND(),"") | AA25: =IF(A25<=Inputs!$B$6,RAND(),"") | AB25: =IF(A25<=Inputs!$B$6,RAND(),"") | AC25: =IF(A25<=Inputs!$B$6,RAND(),"") | AD25: =IF(A25<=Inputs!$B$6,RAND(),"") | AE25: =IF(A25<=Inputs!$B$6,RAND(),"") | AF25: =IF(A25<=Inputs!$B$6,RAND(),"") | AG25: =IF(A25<=Inputs!$B$6,RAND(),"")
A26: 6 | B26: =IF(A26<=Inputs!$B$6,Inputs!$B$5 + A26-1,"") | C26: =IF(A26<=Inputs!$B$6,G25,"") | D26: =IF(A26<=Inputs!$B$6,SUMIF($E$8:$E$17,A26,$F$8:$F$17),"") | E26: =IF(A26<=Inputs!$B$6,C26*(1+H26/100)+D26,"") | F26: =IF(A26<=Inputs!$B$6,IF(Inputs!$B$11=1,MAX(E26-Inputs!$B$10,0),0),"") | G26: =IF(A26<=Inputs!$B$6,E26-F26,"") | H26: =IF(A26<=Inputs!$B$6,IF(Inputs!$B$8>0,SUM(N26:W26)/Inputs!$B$8,0),"") | I26: =IF(A26<=Inputs!$B$6,C26*(H26/100),"") | J26: =IF(A26<=Inputs!$B$6,MAX(J25,G26),"") | K26: =IF(A26<=Inputs!$B$6,G26-J26,"") | L26: =IF(A26<=Inputs!$B$6,IF(J26>0,(G26/J26)-1,0),"") | M26: =IF(A26<=Inputs!$B$6,--(G26>=Inputs!$B$9),"") | N26: =IF(A26<=Inputs!$B$6,IF(1<=Inputs!$B$8,IF(Inputs!$B$12>0,MAX(MIN(NORM.INV(RAND(),LOOKUP(X26,Inputs!$J$6:$J$9,Inputs!$G$6:$G$9),LOOKUP(X26,Inputs!$J$6:$J$9,Inputs!$H$6:$H$9)),Inputs!$B$12),-Inputs!$B$12),NORM.INV(RAND(),LOOKUP(X26,Inputs!$J$6:$J$9,Inputs!$G$6:$G$9),LOOKUP(X26,Inputs!$J$6:$J$9,Inputs!$H$6:$H$9))),0),"") | O26: =IF(A26<=Inputs!$B$6,IF(2<=Inputs!$B$8,IF(Inputs!$B$12>0,MAX(MIN(NORM.INV(RAND(),LOOKUP(Y26,Inputs!$J$6:$J$9,Inputs!$G$6:$G$9),LOOKUP(Y26,Inputs!$J$6:$J$9,Inputs!$H$6:$H$9)),Inputs!$B$12),-Inputs!$B$12),NORM.INV(RAND(),LOOKUP(Y26,Inputs!$J$6:$J$9,Inputs!$G$6:$G$9),LOOKUP(Y26,Inputs!$J$6:$J$9,Inputs!$H$6:$H$9))),0),"") | P26: =IF(A26<=Inputs!$B$6,IF(3<=Inputs!$B$8,IF(Inputs!$B$12>0,MAX(MIN(NORM.INV(RAND(),LOOKUP(Z26,Inputs!$J$6:$J$9,Inputs!$G$6:$G$9),LOOKUP(Z26,Inputs!$J$6:$J$9,Inputs!$H$6:$H$9)),Inputs!$B$12),-Inputs!$B$12),NORM.INV(RAND(),LOOKUP(Z26,Inputs!$J$6:$J$9,Inputs!$G$6:$G$9),LOOKUP(Z26,Inputs!$J$6:$J$9,Inputs!$H$6:$H$9))),0),"") | Q26: =IF(A26<=Inputs!$B$6,IF(4<=Inputs!$B$8,IF(Inputs!$B$12>0,MAX(MIN(NORM.INV(RAND(),LOOKUP(AA26,Inputs!$J$6:$J$9,Inputs!$G$6:$G$9),LOOKUP(AA26,Inputs!$J$6:$J$9,Inputs!$H$6:$H$9)),Inputs!$B$12),-Inputs!$B$12),NORM.INV(RAND(),LOOKUP(AA26,Inputs!$J$6:$J$9,Inputs!$G$6:$G$9),LOOKUP(AA26,Inputs!$J$6:$J$9,Inputs!$H$6:$H$9))),0),"") | R26: =IF(A26<=Inputs!$B$6,IF(5<=Inputs!$B$8,IF(Inputs!$B$12>0,MAX(MIN(NORM.INV(RAND(),LOOKUP(AB26,Inputs!$J$6:$J$9,Inputs!$G$6:$G$9),LOOKUP(AB26,Inputs!$J$6:$J$9,Inputs!$H$6:$H$9)),Inputs!$B$12),-Inputs!$B$12),NORM.INV(RAND(),LOOKUP(AB26,Inputs!$J$6:$J$9,Inputs!$G$6:$G$9),LOOKUP(AB26,Inputs!$J$6:$J$9,Inputs!$H$6:$H$9))),0),"") | S26: =IF(A26<=Inputs!$B$6,IF(6<=Inputs!$B$8,IF(Inputs!$B$12>0,MAX(MIN(NORM.INV(RAND(),LOOKUP(AC26,Inputs!$J$6:$J$9,Inputs!$G$6:$G$9),LOOKUP(AC26,Inputs!$J$6:$J$9,Inputs!$H$6:$H$9)),Inputs!$B$12),-Inputs!$B$12),NORM.INV(RAND(),LOOKUP(AC26,Inputs!$J$6:$J$9,Inputs!$G$6:$G$9),LOOKUP(AC26,Inputs!$J$6:$J$9,Inputs!$H$6:$H$9))),0),"") | T26: =IF(A26<=Inputs!$B$6,IF(7<=Inputs!$B$8,IF(Inputs!$B$12>0,MAX(MIN(NORM.INV(RAND(),LOOKUP(AD26,Inputs!$J$6:$J$9,Inputs!$G$6:$G$9),LOOKUP(AD26,Inputs!$J$6:$J$9,Inputs!$H$6:$H$9)),Inputs!$B$12),-Inputs!$B$12),NORM.INV(RAND(),LOOKUP(AD26,Inputs!$J$6:$J$9,Inputs!$G$6:$G$9),LOOKUP(AD26,Inputs!$J$6:$J$9,Inputs!$H$6:$H$9))),0),"") | U26: =IF(A26<=Inputs!$B$6,IF(8<=Inputs!$B$8,IF(Inputs!$B$12>0,MAX(MIN(NORM.INV(RAND(),LOOKUP(AE26,Inputs!$J$6:$J$9,Inputs!$G$6:$G$9),LOOKUP(AE26,Inputs!$J$6:$J$9,Inputs!$H$6:$H$9)),Inputs!$B$12),-Inputs!$B$12),NORM.INV(RAND(),LOOKUP(AE26,Inputs!$J$6:$J$9,Inputs!$G$6:$G$9),LOOKUP(AE26,Inputs!$J$6:$J$9,Inputs!$H$6:$H$9))),0),"") | V26: =IF(A26<=Inputs!$B$6,IF(9<=Inputs!$B$8,IF(Inputs!$B$12>0,MAX(MIN(NORM.INV(RAND(),LOOKUP(AF26,Inputs!$J$6:$J$9,Inputs!$G$6:$G$9),LOOKUP(AF26,Inputs!$J$6:$J$9,Inputs!$H$6:$H$9)),Inputs!$B$12),-Inputs!$B$12),NORM.INV(RAND(),LOOKUP(AF26,Inputs!$J$6:$J$9,Inputs!$G$6:$G$9),LOOKUP(AF26,Inputs!$J$6:$J$9,Inputs!$H$6:$H$9))),0),"") | W26: =IF(A26<=Inputs!$B$6,IF(10<=Inputs!$B$8,IF(Inputs!$B$12>0,MAX(MIN(NORM.INV(RAND(),LOOKUP(AG26,Inputs!$J$6:$J$9,Inputs!$G$6:$G$9),LOOKUP(AG26,Inputs!$J$6:$J$9,Inputs!$H$6:$H$9)),Inputs!$B$12),-Inputs!$B$12),NORM.INV(RAND(),LOOKUP(AG26,Inputs!$J$6:$J$9,Inputs!$G$6:$G$9),LOOKUP(AG26,Inputs!$J$6:$J$9,Inputs!$H$6:$H$9))),0),"") | X26: =IF(A26<=Inputs!$B$6,RAND(),"") | Y26: =IF(A26<=Inputs!$B$6,RAND(),"") | Z26: =IF(A26<=Inputs!$B$6,RAND(),"") | AA26: =IF(A26<=Inputs!$B$6,RAND(),"") | AB26: =IF(A26<=Inputs!$B$6,RAND(),"") | AC26: =IF(A26<=Inputs!$B$6,RAND(),"") | AD26: =IF(A26<=Inputs!$B$6,RAND(),"") | AE26: =IF(A26<=Inputs!$B$6,RAND(),"") | AF26: =IF(A26<=Inputs!$B$6,RAND(),"") | AG26: =IF(A26<=Inputs!$B$6,RAND(),"")
A27: 7 | B27: =IF(A27<=Inputs!$B$6,Inputs!$B$5 + A27-1,"") | C27: =IF(A27<=Inputs!$B$6,G26,"") | D27: =IF(A27<=Inputs!$B$6,SUMIF($E$8:$E$17,A27,$F$8:$F$17),"") | E27: =IF(A27<=Inputs!$B$6,C27*(1+H27/100)+D27,"") | F27: =IF(A27<=Inputs!$B$6,IF(Inputs!$B$11=1,MAX(E27-Inputs!$B$10,0),0),"") | G27: =IF(A27<=Inputs!$B$6,E27-F27,"") | H27: =IF(A27<=Inputs!$B$6,IF(Inputs!$B$8>0,SUM(N27:W27)/Inputs!$B$8,0),"") | I27: =IF(A27<=Inputs!$B$6,C27*(H27/100),"") | J27: =IF(A27<=Inputs!$B$6,MAX(J26,G27),"") | K27: =IF(A27<=Inputs!$B$6,G27-J27,"") | L27: =IF(A27<=Inputs!$B$6,IF(J27>0,(G27/J27)-1,0),"") | M27: =IF(A27<=Inputs!$B$6,--(G27>=Inputs!$B$9),"") | N27: =IF(A27<=Inputs!$B$6,IF(1<=Inputs!$B$8,IF(Inputs!$B$12>0,MAX(MIN(NORM.INV(RAND(),LOOKUP(X27,Inputs!$J$6:$J$9,Inputs!$G$6:$G$9),LOOKUP(X27,Inputs!$J$6:$J$9,Inputs!$H$6:$H$9)),Inputs!$B$12),-Inputs!$B$12),NORM.INV(RAND(),LOOKUP(X27,Inputs!$J$6:$J$9,Inputs!$G$6:$G$9),LOOKUP(X27,Inputs!$J$6:$J$9,Inputs!$H$6:$H$9))),0),"") | O27: =IF(A27<=Inputs!$B$6,IF(2<=Inputs!$B$8,IF(Inputs!$B$12>0,MAX(MIN(NORM.INV(RAND(),LOOKUP(Y27,Inputs!$J$6:$J$9,Inputs!$G$6:$G$9),LOOKUP(Y27,Inputs!$J$6:$J$9,Inputs!$H$6:$H$9)),Inputs!$B$12),-Inputs!$B$12),NORM.INV(RAND(),LOOKUP(Y27,Inputs!$J$6:$J$9,Inputs!$G$6:$G$9),LOOKUP(Y27,Inputs!$J$6:$J$9,Inputs!$H$6:$H$9))),0),"") | P27: =IF(A27<=Inputs!$B$6,IF(3<=Inputs!$B$8,IF(Inputs!$B$12>0,MAX(MIN(NORM.INV(RAND(),LOOKUP(Z27,Inputs!$J$6:$J$9,Inputs!$G$6:$G$9),LOOKUP(Z27,Inputs!$J$6:$J$9,Inputs!$H$6:$H$9)),Inputs!$B$12),-Inputs!$B$12),NORM.INV(RAND(),LOOKUP(Z27,Inputs!$J$6:$J$9,Inputs!$G$6:$G$9),LOOKUP(Z27,Inputs!$J$6:$J$9,Inputs!$H$6:$H$9))),0),"") | Q27: =IF(A27<=Inputs!$B$6,IF(4<=Inputs!$B$8,IF(Inputs!$B$12>0,MAX(MIN(NORM.INV(RAND(),LOOKUP(AA27,Inputs!$J$6:$J$9,Inputs!$G$6:$G$9),LOOKUP(AA27,Inputs!$J$6:$J$9,Inputs!$H$6:$H$9)),Inputs!$B$12),-Inputs!$B$12),NORM.INV(RAND(),LOOKUP(AA27,Inputs!$J$6:$J$9,Inputs!$G$6:$G$9),LOOKUP(AA27,Inputs!$J$6:$J$9,Inputs!$H$6:$H$9))),0),"") | R27: =IF(A27<=Inputs!$B$6,IF(5<=Inputs!$B$8,IF(Inputs!$B$12>0,MAX(MIN(NORM.INV(RAND(),LOOKUP(AB27,Inputs!$J$6:$J$9,Inputs!$G$6:$G$9),LOOKUP(AB27,Inputs!$J$6:$J$9,Inputs!$H$6:$H$9)),Inputs!$B$12),-Inputs!$B$12),NORM.INV(RAND(),LOOKUP(AB27,Inputs!$J$6:$J$9,Inputs!$G$6:$G$9),LOOKUP(AB27,Inputs!$J$6:$J$9,Inputs!$H$6:$H$9))),0),"") | S27: =IF(A27<=Inputs!$B$6,IF(6<=Inputs!$B$8,IF(Inputs!$B$12>0,MAX(MIN(NORM.INV(RAND(),LOOKUP(AC27,Inputs!$J$6:$J$9,Inputs!$G$6:$G$9),LOOKUP(AC27,Inputs!$J$6:$J$9,Inputs!$H$6:$H$9)),Inputs!$B$12),-Inputs!$B$12),NORM.INV(RAND(),LOOKUP(AC27,Inputs!$J$6:$J$9,Inputs!$G$6:$G$9),LOOKUP(AC27,Inputs!$J$6:$J$9,Inputs!$H$6:$H$9))),0),"") | T27: =IF(A27<=Inputs!$B$6,IF(7<=Inputs!$B$8,IF(Inputs!$B$12>0,MAX(MIN(NORM.INV(RAND(),LOOKUP(AD27,Inputs!$J$6:$J$9,Inputs!$G$6:$G$9),LOOKUP(AD27,Inputs!$J$6:$J$9,Inputs!$H$6:$H$9)),Inputs!$B$12),-Inputs!$B$12),NORM.INV(RAND(),LOOKUP(AD27,Inputs!$J$6:$J$9,Inputs!$G$6:$G$9),LOOKUP(AD27,Inputs!$J$6:$J$9,Inputs!$H$6:$H$9))),0),"") | U27: =IF(A27<=Inputs!$B$6,IF(8<=Inputs!$B$8,IF(Inputs!$B$12>0,MAX(MIN(NORM.INV(RAND(),LOOKUP(AE27,Inputs!$J$6:$J$9,Inputs!$G$6:$G$9),LOOKUP(AE27,Inputs!$J$6:$J$9,Inputs!$H$6:$H$9)),Inputs!$B$12),-Inputs!$B$12),NORM.INV(RAND(),LOOKUP(AE27,Inputs!$J$6:$J$9,Inputs!$G$6:$G$9),LOOKUP(AE27,Inputs!$J$6:$J$9,Inputs!$H$6:$H$9))),0),"") | V27: =IF(A27<=Inputs!$B$6,IF(9<=Inputs!$B$8,IF(Inputs!$B$12>0,MAX(MIN(NORM.INV(RAND(),LOOKUP(AF27,Inputs!$J$6:$J$9,Inputs!$G$6:$G$9),LOOKUP(AF27,Inputs!$J$6:$J$9,Inputs!$H$6:$H$9)),Inputs!$B$12),-Inputs!$B$12),NORM.INV(RAND(),LOOKUP(AF27,Inputs!$J$6:$J$9,Inputs!$G$6:$G$9),LOOKUP(AF27,Inputs!$J$6:$J$9,Inputs!$H$6:$H$9))),0),"") | W27: =IF(A27<=Inputs!$B$6,IF(10<=Inputs!$B$8,IF(Inputs!$B$12>0,MAX(MIN(NORM.INV(RAND(),LOOKUP(AG27,Inputs!$J$6:$J$9,Inputs!$G$6:$G$9),LOOKUP(AG27,Inputs!$J$6:$J$9,Inputs!$H$6:$H$9)),Inputs!$B$12),-Inputs!$B$12),NORM.INV(RAND(),LOOKUP(AG27,Inputs!$J$6:$J$9,Inputs!$G$6:$G$9),LOOKUP(AG27,Inputs!$J$6:$J$9,Inputs!$H$6:$H$9))),0),"") | X27: =IF(A27<=Inputs!$B$6,RAND(),"") | Y27: =IF(A27<=Inputs!$B$6,RAND(),"") | Z27: =IF(A27<=Inputs!$B$6,RAND(),"") | AA27: =IF(A27<=Inputs!$B$6,RAND(),"") | AB27: =IF(A27<=Inputs!$B$6,RAND(),"") | AC27: =IF(A27<=Inputs!$B$6,RAND(),"") | AD27: =IF(A27<=Inputs!$B$6,RAND(),"") | AE27: =IF(A27<=Inputs!$B$6,RAND(),"") | AF27: =IF(A27<=Inputs!$B$6,RAND(),"") | AG27: =IF(A27<=Inputs!$B$6,RAND(),"")
A28: 8 | B28: =IF(A28<=Inputs!$B$6,Inputs!$B$5 + A28-1,"") | C28: =IF(A28<=Inputs!$B$6,G27,"") | D28: =IF(A28<=Inputs!$B$6,SUMIF($E$8:$E$17,A28,$F$8:$F$17),"") | E28: =IF(A28<=Inputs!$B$6,C28*(1+H28/100)+D28,"") | F28: =IF(A28<=Inputs!$B$6,IF(Inputs!$B$11=1,MAX(E28-Inputs!$B$10,0),0),"") | G28: =IF(A28<=Inputs!$B$6,E28-F28,"") | H28: =IF(A28<=Inputs!$B$6,IF(Inputs!$B$8>0,SUM(N28:W28)/Inputs!$B$8,0),"") | I28: =IF(A28<=Inputs!$B$6,C28*(H28/100),"") | J28: =IF(A28<=Inputs!$B$6,MAX(J27,G28),"") | K28: =IF(A28<=Inputs!$B$6,G28-J28,"") | L28: =IF(A28<=Inputs!$B$6,IF(J28>0,(G28/J28)-1,0),"") | M28: =IF(A28<=Inputs!$B$6,--(G28>=Inputs!$B$9),"") | N28: =IF(A28<=Inputs!$B$6,IF(1<=Inputs!$B$8,IF(Inputs!$B$12>0,MAX(MIN(NORM.INV(RAND(),LOOKUP(X28,Inputs!$J$6:$J$9,Inputs!$G$6:$G$9),LOOKUP(X28,Inputs!$J$6:$J$9,Inputs!$H$6:$H$9)),Inputs!$B$12),-Inputs!$B$12),NORM.INV(RAND(),LOOKUP(X28,Inputs!$J$6:$J$9,Inputs!$G$6:$G$9),LOOKUP(X28,Inputs!$J$6:$J$9,Inputs!$H$6:$H$9))),0),"") | O28: =IF(A28<=Inputs!$B$6,IF(2<=Inputs!$B$8,IF(Inputs!$B$12>0,MAX(MIN(NORM.INV(RAND(),LOOKUP(Y28,Inputs!$J$6:$J$9,Inputs!$G$6:$G$9),LOOKUP(Y28,Inputs!$J$6:$J$9,Inputs!$H$6:$H$9)),Inputs!$B$12),-Inputs!$B$12),NORM.INV(RAND(),LOOKUP(Y28,Inputs!$J$6:$J$9,Inputs!$G$6:$G$9),LOOKUP(Y28,Inputs!$J$6:$J$9,Inputs!$H$6:$H$9))),0),"") | P28: =IF(A28<=Inputs!$B$6,IF(3<=Inputs!$B$8,IF(Inputs!$B$12>0,MAX(MIN(NORM.INV(RAND(),LOOKUP(Z28,Inputs!$J$6:$J$9,Inputs!$G$6:$G$9),LOOKUP(Z28,Inputs!$J$6:$J$9,Inputs!$H$6:$H$9)),Inputs!$B$12),-Inputs!$B$12),NORM.INV(RAND(),LOOKUP(Z28,Inputs!$J$6:$J$9,Inputs!$G$6:$G$9),LOOKUP(Z28,Inputs!$J$6:$J$9,Inputs!$H$6:$H$9))),0),"") | Q28: =IF(A28<=Inputs!$B$6,IF(4<=Inputs!$B$8,IF(Inputs!$B$12>0,MAX(MIN(NORM.INV(RAND(),LOOKUP(AA28,Inputs!$J$6:$J$9,Inputs!$G$6:$G$9),LOOKUP(AA28,Inputs!$J$6:$J$9,Inputs!$H$6:$H$9)),Inputs!$B$12),-Inputs!$B$12),NORM.INV(RAND(),LOOKUP(AA28,Inputs!$J$6:$J$9,Inputs!$G$6:$G$9),LOOKUP(AA28,Inputs!$J$6:$J$9,Inputs!$H$6:$H$9))),0),"") | R28: =IF(A28<=Inputs!$B$6,IF(5<=Inputs!$B$8,IF(Inputs!$B$12>0,MAX(MIN(NORM.INV(RAND(),LOOKUP(AB28,Inputs!$J$6:$J$9,Inputs!$G$6:$G$9),LOOKUP(AB28,Inputs!$J$6:$J$9,Inputs!$H$6:$H$9)),Inputs!$B$12),-Inputs!$B$12),NORM.INV(RAND(),LOOKUP(AB28,Inputs!$J$6:$J$9,Inputs!$G$6:$G$9),LOOKUP(AB28,Inputs!$J$6:$J$9,Inputs!$H$6:$H$9))),0),"") | S28: =IF(A28<=Inputs!$B$6,IF(6<=Inputs!$B$8,IF(Inputs!$B$12>0,MAX(MIN(NORM.INV(RAND(),LOOKUP(AC28,Inputs!$J$6:$J$9,Inputs!$G$6:$G$9),LOOKUP(AC28,Inputs!$J$6:$J$9,Inputs!$H$6:$H$9)),Inputs!$B$12),-Inputs!$B$12),NORM.INV(RAND(),LOOKUP(AC28,Inputs!$J$6:$J$9,Inputs!$G$6:$G$9),LOOKUP(AC28,Inputs!$J$6:$J$9,Inputs!$H$6:$H$9))),0),"") | T28: =IF(A28<=Inputs!$B$6,IF(7<=Inputs!$B$8,IF(Inputs!$B$12>0,MAX(MIN(NORM.INV(RAND(),LOOKUP(AD28,Inputs!$J$6:$J$9,Inputs!$G$6:$G$9),LOOKUP(AD28,Inputs!$J$6:$J$9,Inputs!$H$6:$H$9)),Inputs!$B$12),-Inputs!$B$12),NORM.INV(RAND(),LOOKUP(AD28,Inputs!$J$6:$J$9,Inputs!$G$6:$G$9),LOOKUP(AD28,Inputs!$J$6:$J$9,Inputs!$H$6:$H$9))),0),"") | U28: =IF(A28<=Inputs!$B$6,IF(8<=Inputs!$B$8,IF(Inputs!$B$12>0,MAX(MIN(NORM.INV(RAND(),LOOKUP(AE28,Inputs!$J$6:$J$9,Inputs!$G$6:$G$9),LOOKUP(AE28,Inputs!$J$6:$J$9,Inputs!$H$6:$H$9)),Inputs!$B$12),-Inputs!$B$12),NORM.INV(RAND(),LOOKUP(AE28,Inputs!$J$6:$J$9,Inputs!$G$6:$G$9),LOOKUP(AE28,Inputs!$J$6:$J$9,Inputs!$H$6:$H$9))),0),"") | V28: =IF(A28<=Inputs!$B$6,IF(9<=Inputs!$B$8,IF(Inputs!$B$12>0,MAX(MIN(NORM.INV(RAND(),LOOKUP(AF28,Inputs!$J$6:$J$9,Inputs!$G$6:$G$9),LOOKUP(AF28,Inputs!$J$6:$J$9,Inputs!$H$6:$H$9)),Inputs!$B$12),-Inputs!$B$12),NORM.INV(RAND(),LOOKUP(AF28,Inputs!$J$6:$J$9,Inputs!$G$6:$G$9),LOOKUP(AF28,Inputs!$J$6:$J$9,Inputs!$H$6:$H$9))),0),"") | W28: =IF(A28<=Inputs!$B$6,IF(10<=Inputs!$B$8,IF(Inputs!$B$12>0,MAX(MIN(NORM.INV(RAND(),LOOKUP(AG28,Inputs!$J$6:$J$9,Inputs!$G$6:$G$9),LOOKUP(AG28,Inputs!$J$6:$J$9,Inputs!$H$6:$H$9)),Inputs!$B$12),-Inputs!$B$12),NORM.INV(RAND(),LOOKUP(AG28,Inputs!$J$6:$J$9,Inputs!$G$6:$G$9),LOOKUP(AG28,Inputs!$J$6:$J$9,Inputs!$H$6:$H$9))),0),"") | X28: =IF(A28<=Inputs!$B$6,RAND(),"") | Y28: =IF(A28<=Inputs!$B$6,RAND(),"") | Z28: =IF(A28<=Inputs!$B$6,RAND(),"") | AA28: =IF(A28<=Inputs!$B$6,RAND(),"") | AB28: =IF(A28<=Inputs!$B$6,RAND(),"") | AC28: =IF(A28<=Inputs!$B$6,RAND(),"") | AD28: =IF(A28<=Inputs!$B$6,RAND(),"") | AE28: =IF(A28<=Inputs!$B$6,RAND(),"") | AF28: =IF(A28<=Inputs!$B$6,RAND(),"") | AG28: =IF(A28<=Inputs!$B$6,RAND(),"")
A29: 9 | B29: =IF(A29<=Inputs!$B$6,Inputs!$B$5 + A29-1,"") | C29: =IF(A29<=Inputs!$B$6,G28,"") | D29: =IF(A29<=Inputs!$B$6,SUMIF($E$8:$E$17,A29,$F$8:$F$17),"") | E29: =IF(A29<=Inputs!$B$6,C29*(1+H29/100)+D29,"") | F29: =IF(A29<=Inputs!$B$6,IF(Inputs!$B$11=1,MAX(E29-Inputs!$B$10,0),0),"") | G29: =IF(A29<=Inputs!$B$6,E29-F29,"") | H29: =IF(A29<=Inputs!$B$6,IF(Inputs!$B$8>0,SUM(N29:W29)/Inputs!$B$8,0),"") | I29: =IF(A29<=Inputs!$B$6,C29*(H29/100),"") | J29: =IF(A29<=Inputs!$B$6,MAX(J28,G29),"") | K29: =IF(A29<=Inputs!$B$6,G29-J29,"") | L29: =IF(A29<=Inputs!$B$6,IF(J29>0,(G29/J29)-1,0),"") | M29: =IF(A29<=Inputs!$B$6,--(G29>=Inputs!$B$9),"") | N29: =IF(A29<=Inputs!$B$6,IF(1<=Inputs!$B$8,IF(Inputs!$B$12>0,MAX(MIN(NORM.INV(RAND(),LOOKUP(X29,Inputs!$J$6:$J$9,Inputs!$G$6:$G$9),LOOKUP(X29,Inputs!$J$6:$J$9,Inputs!$H$6:$H$9)),Inputs!$B$12),-Inputs!$B$12),NORM.INV(RAND(),LOOKUP(X29,Inputs!$J$6:$J$9,Inputs!$G$6:$G$9),LOOKUP(X29,Inputs!$J$6:$J$9,Inputs!$H$6:$H$9))),0),"") | O29: =IF(A29<=Inputs!$B$6,IF(2<=Inputs!$B$8,IF(Inputs!$B$12>0,MAX(MIN(NORM.INV(RAND(),LOOKUP(Y29,Inputs!$J$6:$J$9,Inputs!$G$6:$G$9),LOOKUP(Y29,Inputs!$J$6:$J$9,Inputs!$H$6:$H$9)),Inputs!$B$12),-Inputs!$B$12),NORM.INV(RAND(),LOOKUP(Y29,Inputs!$J$6:$J$9,Inputs!$G$6:$G$9),LOOKUP(Y29,Inputs!$J$6:$J$9,Inputs!$H$6:$H$9))),0),"") | P29: =IF(A29<=Inputs!$B$6,IF(3<=Inputs!$B$8,IF(Inputs!$B$12>0,MAX(MIN(NORM.INV(RAND(),LOOKUP(Z29,Inputs!$J$6:$J$9,Inputs!$G$6:$G$9),LOOKUP(Z29,Inputs!$J$6:$J$9,Inputs!$H$6:$H$9)),Inputs!$B$12),-Inputs!$B$12),NORM.INV(RAND(),LOOKUP(Z29,Inputs!$J$6:$J$9,Inputs!$G$6:$G$9),LOOKUP(Z29,Inputs!$J$6:$J$9,Inputs!$H$6:$H$9))),0),"") | Q29: =IF(A29<=Inputs!$B$6,IF(4<=Inputs!$B$8,IF(Inputs!$B$12>0,MAX(MIN(NORM.INV(RAND(),LOOKUP(AA29,Inputs!$J$6:$J$9,Inputs!$G$6:$G$9),LOOKUP(AA29,Inputs!$J$6:$J$9,Inputs!$H$6:$H$9)),Inputs!$B$12),-Inputs!$B$12),NORM.INV(RAND(),LOOKUP(AA29,Inputs!$J$6:$J$9,Inputs!$G$6:$G$9),LOOKUP(AA29,Inputs!$J$6:$J$9,Inputs!$H$6:$H$9))),0),"") | R29: =IF(A29<=Inputs!$B$6,IF(5<=Inputs!$B$8,IF(Inputs!$B$12>0,MAX(MIN(NORM.INV(RAND(),LOOKUP(AB29,Inputs!$J$6:$J$9,Inputs!$G$6:$G$9),LOOKUP(AB29,Inputs!$J$6:$J$9,Inputs!$H$6:$H$9)),Inputs!$B$12),-Inputs!$B$12),NORM.INV(RAND(),LOOKUP(AB29,Inputs!$J$6:$J$9,Inputs!$G$6:$G$9),LOOKUP(AB29,Inputs!$J$6:$J$9,Inputs!$H$6:$H$9))),0),"") | S29: =IF(A29<=Inputs!$B$6,IF(6<=Inputs!$B$8,IF(Inputs!$B$12>0,MAX(MIN(NORM.INV(RAND(),LOOKUP(AC29,Inputs!$J$6:$J$9,Inputs!$G$6:$G$9),LOOKUP(AC29,Inputs!$J$6:$J$9,Inputs!$H$6:$H$9)),Inputs!$B$12),-Inputs!$B$12),NORM.INV(RAND(),LOOKUP(AC29,Inputs!$J$6:$J$9,Inputs!$G$6:$G$9),LOOKUP(AC29,Inputs!$J$6:$J$9,Inputs!$H$6:$H$9))),0),"") | T29: =IF(A29<=Inputs!$B$6,IF(7<=Inputs!$B$8,IF(Inputs!$B$12>0,MAX(MIN(NORM.INV(RAND(),LOOKUP(AD29,Inputs!$J$6:$J$9,Inputs!$G$6:$G$9),LOOKUP(AD29,Inputs!$J$6:$J$9,Inputs!$H$6:$H$9)),Inputs!$B$12),-Inputs!$B$12),NORM.INV(RAND(),LOOKUP(AD29,Inputs!$J$6:$J$9,Inputs!$G$6:$G$9),LOOKUP(AD29,Inputs!$J$6:$J$9,Inputs!$H$6:$H$9))),0),"") | U29: =IF(A29<=Inputs!$B$6,IF(8<=Inputs!$B$8,IF(Inputs!$B$12>0,MAX(MIN(NORM.INV(RAND(),LOOKUP(AE29,Inputs!$J$6:$J$9,Inputs!$G$6:$G$9),LOOKUP(AE29,Inputs!$J$6:$J$9,Inputs!$H$6:$H$9)),Inputs!$B$12),-Inputs!$B$12),NORM.INV(RAND(),LOOKUP(AE29,Inputs!$J$6:$J$9,Inputs!$G$6:$G$9),LOOKUP(AE29,Inputs!$J$6:$J$9,Inputs!$H$6:$H$9))),0),"") | V29: =IF(A29<=Inputs!$B$6,IF(9<=Inputs!$B$8,IF(Inputs!$B$12>0,MAX(MIN(NORM.INV(RAND(),LOOKUP(AF29,Inputs!$J$6:$J$9,Inputs!$G$6:$G$9),LOOKUP(AF29,Inputs!$J$6:$J$9,Inputs!$H$6:$H$9)),Inputs!$B$12),-Inputs!$B$12),NORM.INV(RAND(),LOOKUP(AF29,Inputs!$J$6:$J$9,Inputs!$G$6:$G$9),LOOKUP(AF29,Inputs!$J$6:$J$9,Inputs!$H$6:$H$9))),0),"") | W29: =IF(A29<=Inputs!$B$6,IF(10<=Inputs!$B$8,IF(Inputs!$B$12>0,MAX(MIN(NORM.INV(RAND(),LOOKUP(AG29,Inputs!$J$6:$J$9,Inputs!$G$6:$G$9),LOOKUP(AG29,Inputs!$J$6:$J$9,Inputs!$H$6:$H$9)),Inputs!$B$12),-Inputs!$B$12),NORM.INV(RAND(),LOOKUP(AG29,Inputs!$J$6:$J$9,Inputs!$G$6:$G$9),LOOKUP(AG29,Inputs!$J$6:$J$9,Inputs!$H$6:$H$9))),0),"") | X29: =IF(A29<=Inputs!$B$6,RAND(),"") | Y29: =IF(A29<=Inputs!$B$6,RAND(),"") | Z29: =IF(A29<=Inputs!$B$6,RAND(),"") | AA29: =IF(A29<=Inputs!$B$6,RAND(),"") | AB29: =IF(A29<=Inputs!$B$6,RAND(),"") | AC29: =IF(A29<=Inputs!$B$6,RAND(),"") | AD29: =IF(A29<=Inputs!$B$6,RAND(),"") | AE29: =IF(A29<=Inputs!$B$6,RAND(),"") | AF29: =IF(A29<=Inputs!$B$6,RAND(),"") | AG29: =IF(A29<=Inputs!$B$6,RAND(),"")
A30: 10 | B30: =IF(A30<=Inputs!$B$6,Inputs!$B$5 + A30-1,"") | C30: =IF(A30<=Inputs!$B$6,G29,"") | D30: =IF(A30<=Inputs!$B$6,SUMIF($E$8:$E$17,A30,$F$8:$F$17),"") | E30: =IF(A30<=Inputs!$B$6,C30*(1+H30/100)+D30,"") | F30: =IF(A30<=Inputs!$B$6,IF(Inputs!$B$11=1,MAX(E30-Inputs!$B$10,0),0),"") | G30: =IF(A30<=Inputs!$B$6,E30-F30,"") | H30: =IF(A30<=Inputs!$B$6,IF(Inputs!$B$8>0,SUM(N30:W30)/Inputs!$B$8,0),"") | I30: =IF(A30<=Inputs!$B$6,C30*(H30/100),"") | J30: =IF(A30<=Inputs!$B$6,MAX(J29,G30),"") | K30: =IF(A30<=Inputs!$B$6,G30-J30,"") | L30: =IF(A30<=Inputs!$B$6,IF(J30>0,(G30/J30)-1,0),"") | M30: =IF(A30<=Inputs!$B$6,--(G30>=Inputs!$B$9),"") | N30: =IF(A30<=Inputs!$B$6,IF(1<=Inputs!$B$8,IF(Inputs!$B$12>0,MAX(MIN(NORM.INV(RAND(),LOOKUP(X30,Inputs!$J$6:$J$9,Inputs!$G$6:$G$9),LOOKUP(X30,Inputs!$J$6:$J$9,Inputs!$H$6:$H$9)),Inputs!$B$12),-Inputs!$B$12),NORM.INV(RAND(),LOOKUP(X30,Inputs!$J$6:$J$9,Inputs!$G$6:$G$9),LOOKUP(X30,Inputs!$J$6:$J$9,Inputs!$H$6:$H$9))),0),"") | O30: =IF(A30<=Inputs!$B$6,IF(2<=Inputs!$B$8,IF(Inputs!$B$12>0,MAX(MIN(NORM.INV(RAND(),LOOKUP(Y30,Inputs!$J$6:$J$9,Inputs!$G$6:$G$9),LOOKUP(Y30,Inputs!$J$6:$J$9,Inputs!$H$6:$H$9)),Inputs!$B$12),-Inputs!$B$12),NORM.INV(RAND(),LOOKUP(Y30,Inputs!$J$6:$J$9,Inputs!$G$6:$G$9),LOOKUP(Y30,Inputs!$J$6:$J$9,Inputs!$H$6:$H$9))),0),"") | P30: =IF(A30<=Inputs!$B$6,IF(3<=Inputs!$B$8,IF(Inputs!$B$12>0,MAX(MIN(NORM.INV(RAND(),LOOKUP(Z30,Inputs!$J$6:$J$9,Inputs!$G$6:$G$9),LOOKUP(Z30,Inputs!$J$6:$J$9,Inputs!$H$6:$H$9)),Inputs!$B$12),-Inputs!$B$12),NORM.INV(RAND(),LOOKUP(Z30,Inputs!$J$6:$J$9,Inputs!$G$6:$G$9),LOOKUP(Z30,Inputs!$J$6:$J$9,Inputs!$H$6:$H$9))),0),"") | Q30: =IF(A30<=Inputs!$B$6,IF(4<=Inputs!$B$8,IF(Inputs!$B$12>0,MAX(MIN(NORM.INV(RAND(),LOOKUP(AA30,Inputs!$J$6:$J$9,Inputs!$G$6:$G$9),LOOKUP(AA30,Inputs!$J$6:$J$9,Inputs!$H$6:$H$9)),Inputs!$B$12),-Inputs!$B$12),NORM.INV(RAND(),LOOKUP(AA30,Inputs!$J$6:$J$9,Inputs!$G$6:$G$9),LOOKUP(AA30,Inputs!$J$6:$J$9,Inputs!$H$6:$H$9))),0),"") | R30: =IF(A30<=Inputs!$B$6,IF(5<=Inputs!$B$8,IF(Inputs!$B$12>0,MAX(MIN(NORM.INV(RAND(),LOOKUP(AB30,Inputs!$J$6:$J$9,Inputs!$G$6:$G$9),LOOKUP(AB30,Inputs!$J$6:$J$9,Inputs!$H$6:$H$9)),Inputs!$B$12),-Inputs!$B$12),NORM.INV(RAND(),LOOKUP(AB30,Inputs!$J$6:$J$9,Inputs!$G$6:$G$9),LOOKUP(AB30,Inputs!$J$6:$J$9,Inputs!$H$6:$H$9))),0),"") | S30: =IF(A30<=Inputs!$B$6,IF(6<=Inputs!$B$8,IF(Inputs!$B$12>0,MAX(MIN(NORM.INV(RAND(),LOOKUP(AC30,Inputs!$J$6:$J$9,Inputs!$G$6:$G$9),LOOKUP(AC30,Inputs!$J$6:$J$9,Inputs!$H$6:$H$9)),Inputs!$B$12),-Inputs!$B$12),NORM.INV(RAND(),LOOKUP(AC30,Inputs!$J$6:$J$9,Inputs!$G$6:$G$9),LOOKUP(AC30,Inputs!$J$6:$J$9,Inputs!$H$6:$H$9))),0),"") | T30: =IF(A30<=Inputs!$B$6,IF(7<=Inputs!$B$8,IF(Inputs!$B$12>0,MAX(MIN(NORM.INV(RAND(),LOOKUP(AD30,Inputs!$J$6:$J$9,Inputs!$G$6:$G$9),LOOKUP(AD30,Inputs!$J$6:$J$9,Inputs!$H$6:$H$9)),Inputs!$B$12),-Inputs!$B$12),NORM.INV(RAND(),LOOKUP(AD30,Inputs!$J$6:$J$9,Inputs!$G$6:$G$9),LOOKUP(AD30,Inputs!$J$6:$J$9,Inputs!$H$6:$H$9))),0),"") | U30: =IF(A30<=Inputs!$B$6,IF(8<=Inputs!$B$8,IF(Inputs!$B$12>0,MAX(MIN(NORM.INV(RAND(),LOOKUP(AE30,Inputs!$J$6:$J$9,Inputs!$G$6:$G$9),LOOKUP(AE30,Inputs!$J$6:$J$9,Inputs!$H$6:$H$9)),Inputs!$B$12),-Inputs!$B$12),NORM.INV(RAND(),LOOKUP(AE30,Inputs!$J$6:$J$9,Inputs!$G$6:$G$9),LOOKUP(AE30,Inputs!$J$6:$J$9,Inputs!$H$6:$H$9))),0),"") | V30: =IF(A30<=Inputs!$B$6,IF(9<=Inputs!$B$8,IF(Inputs!$B$12>0,MAX(MIN(NORM.INV(RAND(),LOOKUP(AF30,Inputs!$J$6:$J$9,Inputs!$G$6:$G$9),LOOKUP(AF30,Inputs!$J$6:$J$9,Inputs!$H$6:$H$9)),Inputs!$B$12),-Inputs!$B$12),NORM.INV(RAND(),LOOKUP(AF30,Inputs!$J$6:$J$9,Inputs!$G$6:$G$9),LOOKUP(AF30,Inputs!$J$6:$J$9,Inputs!$H$6:$H$9))),0),"") | W30: =IF(A30<=Inputs!$B$6,IF(10<=Inputs!$B$8,IF(Inputs!$B$12>0,MAX(MIN(NORM.INV(RAND(),LOOKUP(AG30,Inputs!$J$6:$J$9,Inputs!$G$6:$G$9),LOOKUP(AG30,Inputs!$J$6:$J$9,Inputs!$H$6:$H$9)),Inputs!$B$12),-Inputs!$B$12),NORM.INV(RAND(),LOOKUP(AG30,Inputs!$J$6:$J$9,Inputs!$G$6:$G$9),LOOKUP(AG30,Inputs!$J$6:$J$9,Inputs!$H$6:$H$9))),0),"") | X30: =IF(A30<=Inputs!$B$6,RAND(),"") | Y30: =IF(A30<=Inputs!$B$6,RAND(),"") | Z30: =IF(A30<=Inputs!$B$6,RAND(),"") | AA30: =IF(A30<=Inputs!$B$6,RAND(),"") | AB30: =IF(A30<=Inputs!$B$6,RAND(),"") | AC30: =IF(A30<=Inputs!$B$6,RAND(),"") | AD30: =IF(A30<=Inputs!$B$6,RAND(),"") | AE30: =IF(A30<=Inputs!$B$6,RAND(),"") | AF30: =IF(A30<=Inputs!$B$6,RAND(),"") | AG30: =IF(A30<=Inputs!$B$6,RAND(),"")
A31: 11 | B31: =IF(A31<=Inputs!$B$6,Inputs!$B$5 + A31-1,"") | C31: =IF(A31<=Inputs!$B$6,G30,"") | D31: =IF(A31<=Inputs!$B$6,SUMIF($E$8:$E$17,A31,$F$8:$F$17),"") | E31: =IF(A31<=Inputs!$B$6,C31*(1+H31/100)+D31,"") | F31: =IF(A31<=Inputs!$B$6,IF(Inputs!$B$11=1,MAX(E31-Inputs!$B$10,0),0),"") | G31: =IF(A31<=Inputs!$B$6,E31-F31,"") | H31: =IF(A31<=Inputs!$B$6,IF(Inputs!$B$8>0,SUM(N31:W31)/Inputs!$B$8,0),"") | I31: =IF(A31<=Inputs!$B$6,C31*(H31/100),"") | J31: =IF(A31<=Inputs!$B$6,MAX(J30,G31),"") | K31: =IF(A31<=Inputs!$B$6,G31-J31,"") | L31: =IF(A31<=Inputs!$B$6,IF(J31>0,(G31/J31)-1,0),"") | M31: =IF(A31<=Inputs!$B$6,--(G31>=Inputs!$B$9),"") | N31: =IF(A31<=Inputs!$B$6,IF(1<=Inputs!$B$8,IF(Inputs!$B$12>0,MAX(MIN(NORM.INV(RAND(),LOOKUP(X31,Inputs!$J$6:$J$9,Inputs!$G$6:$G$9),LOOKUP(X31,Inputs!$J$6:$J$9,Inputs!$H$6:$H$9)),Inputs!$B$12),-Inputs!$B$12),NORM.INV(RAND(),LOOKUP(X31,Inputs!$J$6:$J$9,Inputs!$G$6:$G$9),LOOKUP(X31,Inputs!$J$6:$J$9,Inputs!$H$6:$H$9))),0),"") | O31: =IF(A31<=Inputs!$B$6,IF(2<=Inputs!$B$8,IF(Inputs!$B$12>0,MAX(MIN(NORM.INV(RAND(),LOOKUP(Y31,Inputs!$J$6:$J$9,Inputs!$G$6:$G$9),LOOKUP(Y31,Inputs!$J$6:$J$9,Inputs!$H$6:$H$9)),Inputs!$B$12),-Inputs!$B$12),NORM.INV(RAND(),LOOKUP(Y31,Inputs!$J$6:$J$9,Inputs!$G$6:$G$9),LOOKUP(Y31,Inputs!$J$6:$J$9,Inputs!$H$6:$H$9))),0),"") | P31: =IF(A31<=Inputs!$B$6,IF(3<=Inputs!$B$8,IF(Inputs!$B$12>0,MAX(MIN(NORM.INV(RAND(),LOOKUP(Z31,Inputs!$J$6:$J$9,Inputs!$G$6:$G$9),LOOKUP(Z31,Inputs!$J$6:$J$9,Inputs!$H$6:$H$9)),Inputs!$B$12),-Inputs!$B$12),NORM.INV(RAND(),LOOKUP(Z31,Inputs!$J$6:$J$9,Inputs!$G$6:$G$9),LOOKUP(Z31,Inputs!$J$6:$J$9,Inputs!$H$6:$H$9))),0),"") | Q31: =IF(A31<=Inputs!$B$6,IF(4<=Inputs!$B$8,IF(Inputs!$B$12>0,MAX(MIN(NORM.INV(RAND(),LOOKUP(AA31,Inputs!$J$6:$J$9,Inputs!$G$6:$G$9),LOOKUP(AA31,Inputs!$J$6:$J$9,Inputs!$H$6:$H$9)),Inputs!$B$12),-Inputs!$B$12),NORM.INV(RAND(),LOOKUP(AA31,Inputs!$J$6:$J$9,Inputs!$G$6:$G$9),LOOKUP(AA31,Inputs!$J$6:$J$9,Inputs!$H$6:$H$9))),0),"") | R31: =IF(A31<=Inputs!$B$6,IF(5<=Inputs!$B$8,IF(Inputs!$B$12>0,MAX(MIN(NORM.INV(RAND(),LOOKUP(AB31,Inputs!$J$6:$J$9,Inputs!$G$6:$G$9),LOOKUP(AB31,Inputs!$J$6:$J$9,Inputs!$H$6:$H$9)),Inputs!$B$12),-Inputs!$B$12),NORM.INV(RAND(),LOOKUP(AB31,Inputs!$J$6:$J$9,Inputs!$G$6:$G$9),LOOKUP(AB31,Inputs!$J$6:$J$9,Inputs!$H$6:$H$9))),0),"") | S31: =IF(A31<=Inputs!$B$6,IF(6<=Inputs!$B$8,IF(Inputs!$B$12>0,MAX(MIN(NORM.INV(RAND(),LOOKUP(AC31,Inputs!$J$6:$J$9,Inputs!$G$6:$G$9),LOOKUP(AC31,Inputs!$J$6:$J$9,Inputs!$H$6:$H$9)),Inputs!$B$12),-Inputs!$B$12),NORM.INV(RAND(),LOOKUP(AC31,Inputs!$J$6:$J$9,Inputs!$G$6:$G$9),LOOKUP(AC31,Inputs!$J$6:$J$9,Inputs!$H$6:$H$9))),0),"") | T31: =IF(A31<=Inputs!$B$6,IF(7<=Inputs!$B$8,IF(Inputs!$B$12>0,MAX(MIN(NORM.INV(RAND(),LOOKUP(AD31,Inputs!$J$6:$J$9,Inputs!$G$6:$G$9),LOOKUP(AD31,Inputs!$J$6:$J$9,Inputs!$H$6:$H$9)),Inputs!$B$12),-Inputs!$B$12),NORM.INV(RAND(),LOOKUP(AD31,Inputs!$J$6:$J$9,Inputs!$G$6:$G$9),LOOKUP(AD31,Inputs!$J$6:$J$9,Inputs!$H$6:$H$9))),0),"") | U31: =IF(A31<=Inputs!$B$6,IF(8<=Inputs!$B$8,IF(Inputs!$B$12>0,MAX(MIN(NORM.INV(RAND(),LOOKUP(AE31,Inputs!$J$6:$J$9,Inputs!$G$6:$G$9),LOOKUP(AE31,Inputs!$J$6:$J$9,Inputs!$H$6:$H$9)),Inputs!$B$12),-Inputs!$B$12),NORM.INV(RAND(),LOOKUP(AE31,Inputs!$J$6:$J$9,Inputs!$G$6:$G$9),LOOKUP(AE31,Inputs!$J$6:$J$9,Inputs!$H$6:$H$9))),0),"") | V31: =IF(A31<=Inputs!$B$6,IF(9<=Inputs!$B$8,IF(Inputs!$B$12>0,MAX(MIN(NORM.INV(RAND(),LOOKUP(AF31,Inputs!$J$6:$J$9,Inputs!$G$6:$G$9),LOOKUP(AF31,Inputs!$J$6:$J$9,Inputs!$H$6:$H$9)),Inputs!$B$12),-Inputs!$B$12),NORM.INV(RAND(),LOOKUP(AF31,Inputs!$J$6:$J$9,Inputs!$G$6:$G$9),LOOKUP(AF31,Inputs!$J$6:$J$9,Inputs!$H$6:$H$9))),0),"") | W31: =IF(A31<=Inputs!$B$6,IF(10<=Inputs!$B$8,IF(Inputs!$B$12>0,MAX(MIN(NORM.INV(RAND(),LOOKUP(AG31,Inputs!$J$6:$J$9,Inputs!$G$6:$G$9),LOOKUP(AG31,Inputs!$J$6:$J$9,Inputs!$H$6:$H$9)),Inputs!$B$12),-Inputs!$B$12),NORM.INV(RAND(),LOOKUP(AG31,Inputs!$J$6:$J$9,Inputs!$G$6:$G$9),LOOKUP(AG31,Inputs!$J$6:$J$9,Inputs!$H$6:$H$9))),0),"") | X31: =IF(A31<=Inputs!$B$6,RAND(),"") | Y31: =IF(A31<=Inputs!$B$6,RAND(),"") | Z31: =IF(A31<=Inputs!$B$6,RAND(),"") | AA31: =IF(A31<=Inputs!$B$6,RAND(),"") | AB31: =IF(A31<=Inputs!$B$6,RAND(),"") | AC31: =IF(A31<=Inputs!$B$6,RAND(),"") | AD31: =IF(A31<=Inputs!$B$6,RAND(),"") | AE31: =IF(A31<=Inputs!$B$6,RAND(),"") | AF31: =IF(A31<=Inputs!$B$6,RAND(),"") | AG31: =IF(A31<=Inputs!$B$6,RAND(),"")
A32: 12 | B32: =IF(A32<=Inputs!$B$6,Inputs!$B$5 + A32-1,"") | C32: =IF(A32<=Inputs!$B$6,G31,"") | D32: =IF(A32<=Inputs!$B$6,SUMIF($E$8:$E$17,A32,$F$8:$F$17),"") | E32: =IF(A32<=Inputs!$B$6,C32*(1+H32/100)+D32,"") | F32: =IF(A32<=Inputs!$B$6,IF(Inputs!$B$11=1,MAX(E32-Inputs!$B$10,0),0),"") | G32: =IF(A32<=Inputs!$B$6,E32-F32,"") | H32: =IF(A32<=Inputs!$B$6,IF(Inputs!$B$8>0,SUM(N32:W32)/Inputs!$B$8,0),"") | I32: =IF(A32<=Inputs!$B$6,C32*(H32/100),"") | J32: =IF(A32<=Inputs!$B$6,MAX(J31,G32),"") | K32: =IF(A32<=Inputs!$B$6,G32-J32,"") | L32: =IF(A32<=Inputs!$B$6,IF(J32>0,(G32/J32)-1,0),"") | M32: =IF(A32<=Inputs!$B$6,--(G32>=Inputs!$B$9),"") | N32: =IF(A32<=Inputs!$B$6,IF(1<=Inputs!$B$8,IF(Inputs!$B$12>0,MAX(MIN(NORM.INV(RAND(),LOOKUP(X32,Inputs!$J$6:$J$9,Inputs!$G$6:$G$9),LOOKUP(X32,Inputs!$J$6:$J$9,Inputs!$H$6:$H$9)),Inputs!$B$12),-Inputs!$B$12),NORM.INV(RAND(),LOOKUP(X32,Inputs!$J$6:$J$9,Inputs!$G$6:$G$9),LOOKUP(X32,Inputs!$J$6:$J$9,Inputs!$H$6:$H$9))),0),"") | O32: =IF(A32<=Inputs!$B$6,IF(2<=Inputs!$B$8,IF(Inputs!$B$12>0,MAX(MIN(NORM.INV(RAND(),LOOKUP(Y32,Inputs!$J$6:$J$9,Inputs!$G$6:$G$9),LOOKUP(Y32,Inputs!$J$6:$J$9,Inputs!$H$6:$H$9)),Inputs!$B$12),-Inputs!$B$12),NORM.INV(RAND(),LOOKUP(Y32,Inputs!$J$6:$J$9,Inputs!$G$6:$G$9),LOOKUP(Y32,Inputs!$J$6:$J$9,Inputs!$H$6:$H$9))),0),"") | P32: =IF(A32<=Inputs!$B$6,IF(3<=Inputs!$B$8,IF(Inputs!$B$12>0,MAX(MIN(NORM.INV(RAND(),LOOKUP(Z32,Inputs!$J$6:$J$9,Inputs!$G$6:$G$9),LOOKUP(Z32,Inputs!$J$6:$J$9,Inputs!$H$6:$H$9)),Inputs!$B$12),-Inputs!$B$12),NORM.INV(RAND(),LOOKUP(Z32,Inputs!$J$6:$J$9,Inputs!$G$6:$G$9),LOOKUP(Z32,Inputs!$J$6:$J$9,Inputs!$H$6:$H$9))),0),"") | Q32: =IF(A32<=Inputs!$B$6,IF(4<=Inputs!$B$8,IF(Inputs!$B$12>0,MAX(MIN(NORM.INV(RAND(),LOOKUP(AA32,Inputs!$J$6:$J$9,Inputs!$G$6:$G$9),LOOKUP(AA32,Inputs!$J$6:$J$9,Inputs!$H$6:$H$9)),Inputs!$B$12),-Inputs!$B$12),NORM.INV(RAND(),LOOKUP(AA32,Inputs!$J$6:$J$9,Inputs!$G$6:$G$9),LOOKUP(AA32,Inputs!$J$6:$J$9,Inputs!$H$6:$H$9))),0),"") | R32: =IF(A32<=Inputs!$B$6,IF(5<=Inputs!$B$8,IF(Inputs!$B$12>0,MAX(MIN(NORM.INV(RAND(),LOOKUP(AB32,Inputs!$J$6:$J$9,Inputs!$G$6:$G$9),LOOKUP(AB32,Inputs!$J$6:$J$9,Inputs!$H$6:$H$9)),Inputs!$B$12),-Inputs!$B$12),NORM.INV(RAND(),LOOKUP(AB32,Inputs!$J$6:$J$9,Inputs!$G$6:$G$9),LOOKUP(AB32,Inputs!$J$6:$J$9,Inputs!$H$6:$H$9))),0),"") | S32: =IF(A32<=Inputs!$B$6,IF(6<=Inputs!$B$8,IF(Inputs!$B$12>0,MAX(MIN(NORM.INV(RAND(),LOOKUP(AC32,Inputs!$J$6:$J$9,Inputs!$G$6:$G$9),LOOKUP(AC32,Inputs!$J$6:$J$9,Inputs!$H$6:$H$9)),Inputs!$B$12),-Inputs!$B$12),NORM.INV(RAND(),LOOKUP(AC32,Inputs!$J$6:$J$9,Inputs!$G$6:$G$9),LOOKUP(AC32,Inputs!$J$6:$J$9,Inputs!$H$6:$H$9))),0),"") | T32: =IF(A32<=Inputs!$B$6,IF(7<=Inputs!$B$8,IF(Inputs!$B$12>0,MAX(MIN(NORM.INV(RAND(),LOOKUP(AD32,Inputs!$J$6:$J$9,Inputs!$G$6:$G$9),LOOKUP(AD32,Inputs!$J$6:$J$9,Inputs!$H$6:$H$9)),Inputs!$B$12),-Inputs!$B$12),NORM.INV(RAND(),LOOKUP(AD32,Inputs!$J$6:$J$9,Inputs!$G$6:$G$9),LOOKUP(AD32,Inputs!$J$6:$J$9,Inputs!$H$6:$H$9))),0),"") | U32: =IF(A32<=Inputs!$B$6,IF(8<=Inputs!$B$8,IF(Inputs!$B$12>0,MAX(MIN(NORM.INV(RAND(),LOOKUP(AE32,Inputs!$J$6:$J$9,Inputs!$G$6:$G$9),LOOKUP(AE32,Inputs!$J$6:$J$9,Inputs!$H$6:$H$9)),Inputs!$B$12),-Inputs!$B$12),NORM.INV(RAND(),LOOKUP(AE32,Inputs!$J$6:$J$9,Inputs!$G$6:$G$9),LOOKUP(AE32,Inputs!$J$6:$J$9,Inputs!$H$6:$H$9))),0),"") | V32: =IF(A32<=Inputs!$B$6,IF(9<=Inputs!$B$8,IF(Inputs!$B$12>0,MAX(MIN(NORM.INV(RAND(),LOOKUP(AF32,Inputs!$J$6:$J$9,Inputs!$G$6:$G$9),LOOKUP(AF32,Inputs!$J$6:$J$9,Inputs!$H$6:$H$9)),Inputs!$B$12),-Inputs!$B$12),NORM.INV(RAND(),LOOKUP(AF32,Inputs!$J$6:$J$9,Inputs!$G$6:$G$9),LOOKUP(AF32,Inputs!$J$6:$J$9,Inputs!$H$6:$H$9))),0),"") | W32: =IF(A32<=Inputs!$B$6,IF(10<=Inputs!$B$8,IF(Inputs!$B$12>0,MAX(MIN(NORM.INV(RAND(),LOOKUP(AG32,Inputs!$J$6:$J$9,Inputs!$G$6:$G$9),LOOKUP(AG32,Inputs!$J$6:$J$9,Inputs!$H$6:$H$9)),Inputs!$B$12),-Inputs!$B$12),NORM.INV(RAND(),LOOKUP(AG32,Inputs!$J$6:$J$9,Inputs!$G$6:$G$9),LOOKUP(AG32,Inputs!$J$6:$J$9,Inputs!$H$6:$H$9))),0),"") | X32: =IF(A32<=Inputs!$B$6,RAND(),"") | Y32: =IF(A32<=Inputs!$B$6,RAND(),"") | Z32: =IF(A32<=Inputs!$B$6,RAND(),"") | AA32: =IF(A32<=Inputs!$B$6,RAND(),"") | AB32: =IF(A32<=Inputs!$B$6,RAND(),"") | AC32: =IF(A32<=Inputs!$B$6,RAND(),"") | AD32: =IF(A32<=Inputs!$B$6,RAND(),"") | AE32: =IF(A32<=Inputs!$B$6,RAND(),"") | AF32: =IF(A32<=Inputs!$B$6,RAND(),"") | AG32: =IF(A32<=Inputs!$B$6,RAND(),"")
A33: 13 | B33: =IF(A33<=Inputs!$B$6,Inputs!$B$5 + A33-1,"") | C33: =IF(A33<=Inputs!$B$6,G32,"") | D33: =IF(A33<=Inputs!$B$6,SUMIF($E$8:$E$17,A33,$F$8:$F$17),"") | E33: =IF(A33<=Inputs!$B$6,C33*(1+H33/100)+D33,"") | F33: =IF(A33<=Inputs!$B$6,IF(Inputs!$B$11=1,MAX(E33-Inputs!$B$10,0),0),"") | G33: =IF(A33<=Inputs!$B$6,E33-F33,"") | H33: =IF(A33<=Inputs!$B$6,IF(Inputs!$B$8>0,SUM(N33:W33)/Inputs!$B$8,0),"") | I33: =IF(A33<=Inputs!$B$6,C33*(H33/100),"") | J33: =IF(A33<=Inputs!$B$6,MAX(J32,G33),"") | K33: =IF(A33<=Inputs!$B$6,G33-J33,"") | L33: =IF(A33<=Inputs!$B$6,IF(J33>0,(G33/J33)-1,0),"") | M33: =IF(A33<=Inputs!$B$6,--(G33>=Inputs!$B$9),"") | N33: =IF(A33<=Inputs!$B$6,IF(1<=Inputs!$B$8,IF(Inputs!$B$12>0,MAX(MIN(NORM.INV(RAND(),LOOKUP(X33,Inputs!$J$6:$J$9,Inputs!$G$6:$G$9),LOOKUP(X33,Inputs!$J$6:$J$9,Inputs!$H$6:$H$9)),Inputs!$B$12),-Inputs!$B$12),NORM.INV(RAND(),LOOKUP(X33,Inputs!$J$6:$J$9,Inputs!$G$6:$G$9),LOOKUP(X33,Inputs!$J$6:$J$9,Inputs!$H$6:$H$9))),0),"") | O33: =IF(A33<=Inputs!$B$6,IF(2<=Inputs!$B$8,IF(Inputs!$B$12>0,MAX(MIN(NORM.INV(RAND(),LOOKUP(Y33,Inputs!$J$6:$J$9,Inputs!$G$6:$G$9),LOOKUP(Y33,Inputs!$J$6:$J$9,Inputs!$H$6:$H$9)),Inputs!$B$12),-Inputs!$B$12),NORM.INV(RAND(),LOOKUP(Y33,Inputs!$J$6:$J$9,Inputs!$G$6:$G$9),LOOKUP(Y33,Inputs!$J$6:$J$9,Inputs!$H$6:$H$9))),0),"") | P33: =IF(A33<=Inputs!$B$6,IF(3<=Inputs!$B$8,IF(Inputs!$B$12>0,MAX(MIN(NORM.INV(RAND(),LOOKUP(Z33,Inputs!$J$6:$J$9,Inputs!$G$6:$G$9),LOOKUP(Z33,Inputs!$J$6:$J$9,Inputs!$H$6:$H$9)),Inputs!$B$12),-Inputs!$B$12),NORM.INV(RAND(),LOOKUP(Z33,Inputs!$J$6:$J$9,Inputs!$G$6:$G$9),LOOKUP(Z33,Inputs!$J$6:$J$9,Inputs!$H$6:$H$9))),0),"") | Q33: =IF(A33<=Inputs!$B$6,IF(4<=Inputs!$B$8,IF(Inputs!$B$12>0,MAX(MIN(NORM.INV(RAND(),LOOKUP(AA33,Inputs!$J$6:$J$9,Inputs!$G$6:$G$9),LOOKUP(AA33,Inputs!$J$6:$J$9,Inputs!$H$6:$H$9)),Inputs!$B$12),-Inputs!$B$12),NORM.INV(RAND(),LOOKUP(AA33,Inputs!$J$6:$J$9,Inputs!$G$6:$G$9),LOOKUP(AA33,Inputs!$J$6:$J$9,Inputs!$H$6:$H$9))),0),"") | R33: =IF(A33<=Inputs!$B$6,IF(5<=Inputs!$B$8,IF(Inputs!$B$12>0,MAX(MIN(NORM.INV(RAND(),LOOKUP(AB33,Inputs!$J$6:$J$9,Inputs!$G$6:$G$9),LOOKUP(AB33,Inputs!$J$6:$J$9,Inputs!$H$6:$H$9)),Inputs!$B$12),-Inputs!$B$12),NORM.INV(RAND(),LOOKUP(AB33,Inputs!$J$6:$J$9,Inputs!$G$6:$G$9),LOOKUP(AB33,Inputs!$J$6:$J$9,Inputs!$H$6:$H$9))),0),"") | S33: =IF(A33<=Inputs!$B$6,IF(6<=Inputs!$B$8,IF(Inputs!$B$12>0,MAX(MIN(NORM.INV(RAND(),LOOKUP(AC33,Inputs!$J$6:$J$9,Inputs!$G$6:$G$9),LOOKUP(AC33,Inputs!$J$6:$J$9,Inputs!$H$6:$H$9)),Inputs!$B$12),-Inputs!$B$12),NORM.INV(RAND(),LOOKUP(AC33,Inputs!$J$6:$J$9,Inputs!$G$6:$G$9),LOOKUP(AC33,Inputs!$J$6:$J$9,Inputs!$H$6:$H$9))),0),"") | T33: =IF(A33<=Inputs!$B$6,IF(7<=Inputs!$B$8,IF(Inputs!$B$12>0,MAX(MIN(NORM.INV(RAND(),LOOKUP(AD33,Inputs!$J$6:$J$9,Inputs!$G$6:$G$9),LOOKUP(AD33,Inputs!$J$6:$J$9,Inputs!$H$6:$H$9)),Inputs!$B$12),-Inputs!$B$12),NORM.INV(RAND(),LOOKUP(AD33,Inputs!$J$6:$J$9,Inputs!$G$6:$G$9),LOOKUP(AD33,Inputs!$J$6:$J$9,Inputs!$H$6:$H$9))),0),"") | U33: =IF(A33<=Inputs!$B$6,IF(8<=Inputs!$B$8,IF(Inputs!$B$12>0,MAX(MIN(NORM.INV(RAND(),LOOKUP(AE33,Inputs!$J$6:$J$9,Inputs!$G$6:$G$9),LOOKUP(AE33,Inputs!$J$6:$J$9,Inputs!$H$6:$H$9)),Inputs!$B$12),-Inputs!$B$12),NORM.INV(RAND(),LOOKUP(AE33,Inputs!$J$6:$J$9,Inputs!$G$6:$G$9),LOOKUP(AE33,Inputs!$J$6:$J$9,Inputs!$H$6:$H$9))),0),"") | V33: =IF(A33<=Inputs!$B$6,IF(9<=Inputs!$B$8,IF(Inputs!$B$12>0,MAX(MIN(NORM.INV(RAND(),LOOKUP(AF33,Inputs!$J$6:$J$9,Inputs!$G$6:$G$9),LOOKUP(AF33,Inputs!$J$6:$J$9,Inputs!$H$6:$H$9)),Inputs!$B$12),-Inputs!$B$12),NORM.INV(RAND(),LOOKUP(AF33,Inputs!$J$6:$J$9,Inputs!$G$6:$G$9),LOOKUP(AF33,Inputs!$J$6:$J$9,Inputs!$H$6:$H$9))),0),"") | W33: =IF(A33<=Inputs!$B$6,IF(10<=Inputs!$B$8,IF(Inputs!$B$12>0,MAX(MIN(NORM.INV(RAND(),LOOKUP(AG33,Inputs!$J$6:$J$9,Inputs!$G$6:$G$9),LOOKUP(AG33,Inputs!$J$6:$J$9,Inputs!$H$6:$H$9)),Inputs!$B$12),-Inputs!$B$12),NORM.INV(RAND(),LOOKUP(AG33,Inputs!$J$6:$J$9,Inputs!$G$6:$G$9),LOOKUP(AG33,Inputs!$J$6:$J$9,Inputs!$H$6:$H$9))),0),"") | X33: =IF(A33<=Inputs!$B$6,RAND(),"") | Y33: =IF(A33<=Inputs!$B$6,RAND(),"") | Z33: =IF(A33<=Inputs!$B$6,RAND(),"") | AA33: =IF(A33<=Inputs!$B$6,RAND(),"") | AB33: =IF(A33<=Inputs!$B$6,RAND(),"") | AC33: =IF(A33<=Inputs!$B$6,RAND(),"") | AD33: =IF(A33<=Inputs!$B$6,RAND(),"") | AE33: =IF(A33<=Inputs!$B$6,RAND(),"") | AF33: =IF(A33<=Inputs!$B$6,RAND(),"") | AG33: =IF(A33<=Inputs!$B$6,RAND(),"")
... A140: 120 | B140: =IF(A140<=Inputs!$B$6,Inputs!$B$5 + A140-1,"") | C140: =IF(A140<=Inputs!$B$6,G139,"") | D140: =IF(A140<=Inputs!$B$6,SUMIF($E$8:$E$17,A140,$F$8:$F$17),"") | E140: =IF(A140<=Inputs!$B$6,C140*(1+H140/100)+D140,"") | F140: =IF(A140<=Inputs!$B$6,IF(Inputs!$B$11=1,MAX(E140-Inputs!$B$10,0),0),"") | G140: =IF(A140<=Inputs!$B$6,E140-F140,"") | H140: =IF(A140<=Inputs!$B$6,IF(Inputs!$B$8>0,SUM(N140:W140)/Inputs!$B$8,0),"") | I140: =IF(A140<=Inputs!$B$6,C140*(H140/100),"") | J140: =IF(A140<=Inputs!$B$6,MAX(J139,G140),"") | K140: =IF(A140<=Inputs!$B$6,G140-J140,"") | L140: =IF(A140<=Inputs!$B$6,IF(J140>0,(G140/J140)-1,0),"") | M140: =IF(A140<=Inputs!$B$6,--(G140>=Inputs!$B$9),"") | N140: =IF(A140<=Inputs!$B$6,IF(1<=Inputs!$B$8,IF(Inputs!$B$12>0,MAX(MIN(NORM.INV(RAND(),LOOKUP(X140,Inputs!$J$6:$J$9,Inputs!$G$6:$G$9),LOOKUP(X140,Inputs!$J$6:$J$9,Inputs!$H$6:$H$9)),Inputs!$B$12),-Inputs!$B$12),NORM.INV(RAND(),LOOKUP(X140,Inputs!$J$6:$J$9,Inputs!$G$6:$G$9),LOOKUP(X140,Inputs!$J$6:$J$9,Inputs!$H$6:$H$9))),0),"") | O140: =IF(A140<=Inputs!$B$6,IF(2<=Inputs!$B$8,IF(Inputs!$B$12>0,MAX(MIN(NORM.INV(RAND(),LOOKUP(Y140,Inputs!$J$6:$J$9,Inputs!$G$6:$G$9),LOOKUP(Y140,Inputs!$J$6:$J$9,Inputs!$H$6:$H$9)),Inputs!$B$12),-Inputs!$B$12),NORM.INV(RAND(),LOOKUP(Y140,Inputs!$J$6:$J$9,Inputs!$G$6:$G$9),LOOKUP(Y140,Inputs!$J$6:$J$9,Inputs!$H$6:$H$9))),0),"") | P140: =IF(A140<=Inputs!$B$6,IF(3<=Inputs!$B$8,IF(Inputs!$B$12>0,MAX(MIN(NORM.INV(RAND(),LOOKUP(Z140,Inputs!$J$6:$J$9,Inputs!$G$6:$G$9),LOOKUP(Z140,Inputs!$J$6:$J$9,Inputs!$H$6:$H$9)),Inputs!$B$12),-Inputs!$B$12),NORM.INV(RAND(),LOOKUP(Z140,Inputs!$J$6:$J$9,Inputs!$G$6:$G$9),LOOKUP(Z140,Inputs!$J$6:$J$9,Inputs!$H$6:$H$9))),0),"") | Q140: =IF(A140<=Inputs!$B$6,IF(4<=Inputs!$B$8,IF(Inputs!$B$12>0,MAX(MIN(NORM.INV(RAND(),LOOKUP(AA140,Inputs!$J$6:$J$9,Inputs!$G$6:$G$9),LOOKUP(AA140,Inputs!$J$6:$J$9,Inputs!$H$6:$H$9)),Inputs!$B$12),-Inputs!$B$12),NORM.INV(RAND(),LOOKUP(AA140,Inputs!$J$6:$J$9,Inputs!$G$6:$G$9),LOOKUP(AA140,Inputs!$J$6:$J$9,Inputs!$H$6:$H$9))),0),"") | R140: =IF(A140<=Inputs!$B$6,IF(5<=Inputs!$B$8,IF(Inputs!$B$12>0,MAX(MIN(NORM.INV(RAND(),LOOKUP(AB140,Inputs!$J$6:$J$9,Inputs!$G$6:$G$9),LOOKUP(AB140,Inputs!$J$6:$J$9,Inputs!$H$6:$H$9)),Inputs!$B$12),-Inputs!$B$12),NORM.INV(RAND(),LOOKUP(AB140,Inputs!$J$6:$J$9,Inputs!$G$6:$G$9),LOOKUP(AB140,Inputs!$J$6:$J$9,Inputs!$H$6:$H$9))),0),"") | S140: =IF(A140<=Inputs!$B$6,IF(6<=Inputs!$B$8,IF(Inputs!$B$12>0,MAX(MIN(NORM.INV(RAND(),LOOKUP(AC140,Inputs!$J$6:$J$9,Inputs!$G$6:$G$9),LOOKUP(AC140,Inputs!$J$6:$J$9,Inputs!$H$6:$H$9)),Inputs!$B$12),-Inputs!$B$12),NORM.INV(RAND(),LOOKUP(AC140,Inputs!$J$6:$J$9,Inputs!$G$6:$G$9),LOOKUP(AC140,Inputs!$J$6:$J$9,Inputs!$H$6:$H$9))),0),"") | T140: =IF(A140<=Inputs!$B$6,IF(7<=Inputs!$B$8,IF(Inputs!$B$12>0,MAX(MIN(NORM.INV(RAND(),LOOKUP(AD140,Inputs!$J$6:$J$9,Inputs!$G$6:$G$9),LOOKUP(AD140,Inputs!$J$6:$J$9,Inputs!$H$6:$H$9)),Inputs!$B$12),-Inputs!$B$12),NORM.INV(RAND(),LOOKUP(AD140,Inputs!$J$6:$J$9,Inputs!$G$6:$G$9),LOOKUP(AD140,Inputs!$J$6:$J$9,Inputs!$H$6:$H$9))),0),"") | U140: =IF(A140<=Inputs!$B$6,IF(8<=Inputs!$B$8,IF(Inputs!$B$12>0,MAX(MIN(NORM.INV(RAND(),LOOKUP(AE140,Inputs!$J$6:$J$9,Inputs!$G$6:$G$9),LOOKUP(AE140,Inputs!$J$6:$J$9,Inputs!$H$6:$H$9)),Inputs!$B$12),-Inputs!$B$12),NORM.INV(RAND(),LOOKUP(AE140,Inputs!$J$6:$J$9,Inputs!$G$6:$G$9),LOOKUP(AE140,Inputs!$J$6:$J$9,Inputs!$H$6:$H$9))),0),"") | V140: =IF(A140<=Inputs!$B$6,IF(9<=Inputs!$B$8,IF(Inputs!$B$12>0,MAX(MIN(NORM.INV(RAND(),LOOKUP(AF140,Inputs!$J$6:$J$9,Inputs!$G$6:$G$9),LOOKUP(AF140,Inputs!$J$6:$J$9,Inputs!$H$6:$H$9)),Inputs!$B$12),-Inputs!$B$12),NORM.INV(RAND(),LOOKUP(AF140,Inputs!$J$6:$J$9,Inputs!$G$6:$G$9),LOOKUP(AF140,Inputs!$J$6:$J$9,Inputs!$H$6:$H$9))),0),"") | W140: =IF(A140<=Inputs!$B$6,IF(10<=Inputs!$B$8,IF(Inputs!$B$12>0,MAX(MIN(NORM.INV(RAND(),LOOKUP(AG140,Inputs!$J$6:$J$9,Inputs!$G$6:$G$9),LOOKUP(AG140,Inputs!$J$6:$J$9,Inputs!$H$6:$H$9)),Inputs!$B$12),-Inputs!$B$12),NORM.INV(RAND(),LOOKUP(AG140,Inputs!$J$6:$J$9,Inputs!$G$6:$G$9),LOOKUP(AG140,Inputs!$J$6:$J$9,Inputs!$H$6:$H$9))),0),"") | X140: =IF(A140<=Inputs!$B$6,RAND(),"") | Y140: =IF(A140<=Inputs!$B$6,RAND(),"") | Z140: =IF(A140<=Inputs!$B$6,RAND(),"") | AA140: =IF(A140<=Inputs!$B$6,RAND(),"") | AB140: =IF(A140<=Inputs!$B$6,RAND(),"") | AC140: =IF(A140<=Inputs!$B$6,RAND(),"") | AD140: =IF(A140<=Inputs!$B$6,RAND(),"") | AE140: =IF(A140<=Inputs!$B$6,RAND(),"") | AF140: =IF(A140<=Inputs!$B$6,RAND(),"") | AG140: =IF(A140<=Inputs!$B$6,RAND(),"")

Sheet How_To
A1: How to use this workbook
A3: 1) Go to the Inputs sheet and edit the yellow cells (blue text).
A4: - Scenario probabilities must sum to 100%.
A5: - Mean/Std dev are per-market returns in percentage points (e.g., 7.91 = +7.91%).
A6: - Markets per day controls how many of M1..M10 are active.
A8: 2) Daily_MC sheet shows a Monte Carlo distribution for ONE day (based on your scenario mixture).
A9: - Set 'Sim rows used' in Inputs to control how many rows are included in summary stats.
A10: - Press F9 / Recalculate to resample.
A12: 3) Path_Sim shows ONE random equity curve across the horizon.
A13: - Optional: add manual deposits/withdrawals in the 'Manual cashflows' table (day#, amount).
A14: - Optional: enable 'Skim mode' to automatically withdraw profits above the threshold each day.
A16: 4) Notes on realism:
... A20: Tip: If Excel feels slow, reduce Daily_MC simulations to 1,000–2,000.
